T_tel_A,alpha,best_baseline,center_ci,center_ms,center_pct,confirmed,gain_K2,gain_K2inf,gain_S0,gain_SC,gain_Sage,harm_K2,harm_K2inf,harm_S0,harm_SC,harm_Sage,headroom,level,name,probe_B,r_f,rho_B,s_ms,tau,vs_best_ci,vs_best_ms,vs_best_pct,width_ci,width_ms,width_pct
0.5,0.01,SC,0.25980947069152727,0.588018060391209,1.4895514476445753,False,6.112667930497603,12.738967677919076,5.337872829567382,5.92589088995859,5.28192222320157,0.012812500000000001,0.13758750000000003,0.012875000000000003,0.01305,0.012625,39.47618333834932,A,NEG_P2_cu,same,42105.26315789475,0.95,3.024,2.0,0.13888615370904522,0.18677704053901306,0.4731385477115454,0.13888615370904522,0.18677704053901306,0.4731385477115454
0.5,0.01,SC,0.2670034648059969,0.536458992611001,1.325495699106475,False,5.401866557770366,13.735114274146785,4.873881373438378,5.410340366049378,4.413619600739411,0.009062500000000003,0.13877499999999998,0.010162500000000001,0.009787500000000001,0.008025000000000001,40.47232993457703,B,NEG_P2_cu,same,42105.26315789475,0.95,3.024,2.0,0.1281220051424576,-0.008473808279012873,-0.02093728800074191,0.1281220051424576,-0.008473808279012873,-0.02093728800074191
0.5,0.01,SC,0.1819263133556951,0.350126592928101,2.286766097912458,False,4.0913048801500205,-0.1089976545652728,3.8105344478387386,4.16066104076684,3.711666020725699,0.0095125,0.16587500000000002,0.010537500000000002,0.010387500000000001,0.010112500000000002,15.31099281416339,C,NEG_P2_cu,same,42105.26315789475,0.95,3.024,2.0,0.06779597957893474,-0.0693561606168196,-0.4529827781818425,0.06779597957893474,-0.0693561606168196,-0.4529827781818425
0.5,0.002,SC,0.16610757377646218,0.5430727821856233,2.548103514616999,False,0.9755533697271987,9.940390702294206,0.08477424216883414,0.6278470243544575,0.16548557302193603,0.0014249999999999996,0.167825,0.0007375000000000001,0.0016375,0.0010375,21.312822617696973,A,m053,30.0,300000.0,0.95,1.2096,2.0,0.20139664303549312,0.34770634537274125,1.6314420272236743,0.20139664303549312,0.34770634537274125,1.6314420272236743
0.5,0.002,SC,0.18293627889264608,0.5756153877504798,2.698518085807508,False,1.0120074270247679,9.958364078807955,0.08302288495762347,0.6586382727081033,0.16143536865921845,0.0015374999999999998,0.1683,0.0007125,0.001575,0.0012874999999999998,21.330795994210725,B,m053,30.0,300000.0,0.95,1.2096,2.0,0.19576240682199458,0.3533691543166644,1.6566149449489385,0.19576240682199458,0.3533691543166644,1.6566149449489385
0.5,0.002,SC,0.25571189551141654,0.9843802664918526,4.7546204343658145,False,1.0953636438715368,13.365935227660685,0.10826766463243649,1.092647931124289,0.2623906460664073,0.0017500000000000003,0.1478375,0.000625,0.0019500000000000003,0.0019250000000000003,20.703656161002307,C,m053,30.0,300000.0,0.95,1.2096,2.0,0.1357800786384657,0.002715712747247673,0.013117068435299013,0.1357800786384657,0.002715712747247673,0.013117068435299013
0.5,0.002,SC,0.26511091916638924,1.1125254560687508,6.1290303326711415,True,2.4104052762468426,11.709421519544074,0.20498011407200525,1.317505570140756,0.25937851855930216,0.0020625000000000005,0.12638749999999999,0.001425,0.0017125,0.0014500000000000001,18.15173682757566,A,m069,30.0,300000.0,0.95,1.2096,10.0,0.26131959507638475,1.092899706106087,6.020909825255847,0.26131959507638475,1.092899706106087,6.020909825255847
0.5,0.002,SC,0.2634538029748831,1.0125057231665517,5.537482057067114,True,2.307219225978985,11.842271670888906,0.20159638990925105,1.2141021130758027,0.10818947083977108,0.001875,0.126125,0.00135,0.0013999999999999998,0.00017500000000000003,18.284586978920483,B,m069,30.0,300000.0,0.95,1.2096,10.0,0.24848015902588938,1.0931171129031825,5.9783527741883935,0.24848015902588938,1.0931171129031825,5.9783527741883935
0.5,0.002,SC,0.24719272100844003,0.9478505121534724,5.269184436350255,True,2.0907086158364843,13.2778701702612,0.21453360418830805,1.1623841163417805,0.22484266929967406,0.0019875000000000006,0.1193125,0.0013250000000000002,0.0014,0.0009750000000000002,17.98856205553528,C,m069,30.0,300000.0,0.95,1.2096,10.0,0.25918818928569637,0.9283244994947039,5.160637613105091,0.25918818928569637,0.9283244994947039,5.160637613105091
0.5,0.01,SC,0.3361596433915421,2.85288215085342,18.267575342704635,True,3.9572297835716825,9.174875793319213,0.388592622420401,3.2414747732738207,1.5745847864633684,0.010600000000000002,0.11686249999999998,0.009575000000000004,0.009437500000000001,0.0100625,15.617191101350794,A,m068,30.0,300000.0,0.95,1.2096,10.0,0.2005881454691376,0.7157550102978613,4.583122570844079,0.2005881454691376,0.7157550102978613,4.583122570844079
0.5,0.01,SC,0.3331927934195594,3.129752563733076,19.127169509399693,True,4.403531461196276,9.920547802451217,0.3548542332881829,3.4846067970212586,0.07881709907479037,0.011675000000000001,0.1195125,0.006750000000000002,0.009737500000000001,8.75e-05,16.3628631104828,B,m068,30.0,300000.0,0.95,1.2096,10.0,0.2145178236771791,0.9189246641750174,5.615916102031754,0.2145178236771791,0.9189246641750174,5.615916102031754
0.5,0.01,SC,0.4064269722523919,3.5929199442891226,21.13265993529646,False,4.551731792482899,12.291048337158163,0.2436111289167263,3.8365310732058484,0.09402143726216047,0.0103625,0.11972500000000004,0.0025125,0.009275000000000002,0.00022500000000000002,17.001740222432247,C,m068,30.0,300000.0,0.95,1.2096,10.0,0.25526551876064846,0.7152007192770512,4.206632438327749,0.25526551876064846,0.7152007192770512,4.206632438327749
0.5,0.002,SC,0.27771009441188504,0.7799954382623973,8.09966646147015,True,1.2280338097396974,5.144229609923478,0.1131178284652173,0.8931132667276144,0.15329333651451985,0.0022375000000000003,0.1408625,0.0011750000000000003,0.0022625,0.0017000000000000006,9.629969850892135,A,m071,30.0,300000.0,0.85,1.2096,10.0,0.10105038000890258,0.334920543012083,3.4778981471167896,0.10105038000890258,0.334920543012083,3.4778981471167896
0.5,0.002,SC,0.23351005236025713,0.7420209427337834,7.524755499954754,True,1.225350640241294,5.37532358679618,0.06787233805337531,0.8098932807871586,0.23335432476652787,0.0019500000000000003,0.1424625,0.0004875000000000001,0.0018750000000000004,0.002625,9.861063827764838,B,m071,30.0,300000.0,0.85,1.2096,10.0,0.10376410118236769,0.41545735945413514,4.213108917157318,0.10376410118236769,0.41545735945413514,4.213108917157318
0.5,0.002,SC,0.24627964038058744,0.861557487294931,8.852200762815315,True,1.2382065493063255,6.054042861088878,0.06655978491439114,0.928117272209322,0.2603738191968007,0.0020000000000000005,0.13687500000000002,0.0005125000000000002,0.0014875,0.0026500000000000004,9.732692585486786,C,m071,30.0,300000.0,0.85,1.2096,10.0,0.10605202309950597,0.31008927709700357,3.186058476350142,0.10605202309950597,0.31008927709700357,3.186058476350142
5.0,0.002,SC,0.14024235846727223,0.38482580044124415,4.343411021222473,False,0.9727809595480986,3.282616521216935,0.43988961359668954,0.8247154140379337,0.43715133260900085,0.0016375,0.0531,0.0017625000000000002,0.0016,0.0016375,8.8599904213747,A,m075,same,300000.0,0.85,1.2096,10.0,0.07911785253841631,0.1480655455101652,1.6711704919336878,0.07911785253841631,0.1480655455101652,1.6711704919336878
5.0,0.002,SC,0.16871229925428025,0.4564199837113071,5.339696633145966,False,1.0008508820690163,2.97030240186466,0.46120624297969925,0.9176262266910065,0.5166744662765257,0.0018250000000000002,0.0512625,0.0020625000000000005,0.0022750000000000005,0.0019875000000000006,8.547676302022426,B,m075,same,300000.0,0.85,1.2096,10.0,0.07265691458832974,0.08322465537801002,0.9736523990539817,0.07265691458832974,0.08322465537801002,0.9736523990539817
5.0,0.002,SC,0.09880187126992254,0.30575666518738326,4.144503573464936,False,0.8522855628592895,2.591024850421644,0.5428603087972372,0.8486169739846204,0.5415626255785653,0.0017375000000000001,0.05008750000000001,0.0021000000000000003,0.0020000000000000005,0.0018750000000000004,7.377401412921476,C,m075,same,300000.0,0.85,1.2096,10.0,0.06681926509525868,0.00366858887466906,0.04972738596334947,0.06681926509525868,0.00366858887466906,0.04972738596334947
0.5,0.002,SC,0.2267326154341543,0.9004653799359288,9.87554043219698,True,1.949817284590614,5.813746313068268,0.1194247978831395,1.019890177819068,0.32076079276559605,0.0025958333333333332,0.10069166666666667,0.0011333333333333334,0.002829166666666667,0.002029166666666667,9.118137747683802,A,m085,30.0,300000.0,0.95,1.2096,60.0,0.18439424808913774,0.9299271067715459,10.19865166006915,0.18439424808913774,0.9299271067715459,10.19865166006915
0.5,0.002,SC,0.251527466816529,0.8863563313406827,9.396960172301569,True,2.084050296898898,6.127981535882968,0.11341446130532007,0.9997707926460029,0.37298406752587554,0.0025125,0.10089999999999999,0.0006499999999999999,0.0023541666666666663,0.0017875000000000002,9.432372970498502,B,m085,30.0,300000.0,0.95,1.2096,60.0,0.19886899138240594,1.0842795042528948,11.495299302139347,0.19886899138240594,1.0842795042528948,11.495299302139347
0.5,0.002,SC,0.24883542246353596,0.812063741623119,8.519918894394689,True,1.7173532257414774,6.511901915377474,0.11738264926857289,0.9294463908916921,0.38036077774346977,0.002254166666666667,0.09813749999999999,0.0006291666666666667,0.002070833333333333,0.0016958333333333335,9.531355306179982,C,m085,30.0,300000.0,0.95,1.2096,60.0,0.17652480367733586,0.7879068348497855,8.266472180917638,0.17652480367733586,0.7879068348497855,8.266472180917638
0.5,0.01,SC,0.18230714994897362,1.1488935403570137,13.525111433706524,True,1.7981053050033862,4.00878156750832,0.289788216388997,1.4386817567460104,0.5891482488105219,0.011112500000000003,0.12239999999999998,0.010112500000000002,0.010762500000000001,0.009925000000000002,8.494521808476977,A,m070,30.0,300000.0,0.85,1.2096,10.0,0.12567481423415583,0.35942354825737566,4.231239337083042,0.12567481423415583,0.35942354825737566,4.231239337083042
0.5,0.01,SC,0.20850506843823916,1.2305171273030666,14.078028848925594,True,1.875577425251402,4.254951659211512,0.24468414079476958,1.4752012680978361,0.5804978863202126,0.0109875,0.126525,0.008362500000000002,0.010300000000000002,0.009737500000000003,8.740691900180167,B,m070,30.0,300000.0,0.85,1.2096,10.0,0.12909196573325,0.40037615715356595,4.5806002742793535,0.12909196573325,0.40037615715356595,4.5806002742793535
0.5,0.01,SC,0.19932356372241555,1.1715472739301678,13.987357992140934,True,1.7752017584989523,4.697108403680487,0.21362131475694413,1.385168588687112,0.31827834938189375,0.010487500000000002,0.12438749999999998,0.007487500000000001,0.009650000000000002,0.006112500000000002,8.375758128078399,C,m070,30.0,300000.0,0.85,1.2096,10.0,0.11661978786927164,0.39003316981184055,4.6566909388693585,0.11661978786927164,0.39003316981184055,4.6566909388693585
0.5,0.002,SC,0.13896525880931437,0.6922043426386357,9.003403598091937,True,0.9707840571773503,4.005717325349982,0.05222792682033463,0.7444322694589705,0.4469823870561296,0.0019541666666666666,0.1023875,0.0006541666666666667,0.0020625,0.0025208333333333333,7.688251838286272,A,m037,30.0,30000.0,0.95,1.2096,60.0,0.09728246889167382,0.22635178771837983,2.944125562994489,0.09728246889167382,0.22635178771837983,2.944125562994489
0.5,0.002,SC,0.14712439156546323,0.790063955409694,9.855729448390493,True,1.0300730540864935,4.333756513992386,0.04906391196230986,0.8391278673720037,0.38441964795170025,0.0016666666666666663,0.10310416666666669,0.0004625000000000001,0.0018833333333333336,0.0017499999999999998,8.016291026928673,B,m037,30.0,30000.0,0.95,1.2096,60.0,0.09449759164573651,0.19094518671448965,2.381964253456596,0.09449759164573651,0.19094518671448965,2.381964253456596
0.5,0.002,SC,0.12852916988049523,0.616010107176104,6.711284654749998,False,0.6718284979081696,4.884808777138892,0.05562666258257713,0.6716367697586811,0.2891229232775452,0.0016208333333333335,0.11214166666666667,0.0004416666666666667,0.00205,0.0014083333333333333,9.178721196695404,C,m037,30.0,30000.0,0.95,1.2096,60.0,0.09338310042971078,0.00019172814948840712,0.002088832914517924,0.09338310042971078,0.00019172814948840712,0.002088832914517924
0.5,0.002,SC,0.24626437567639825,0.8035831942705333,12.338716831295967,True,1.5550207975509187,4.07293004772831,0.08682270499676845,0.8904058992673018,0.28135422715659597,0.00215,0.09643333333333333,0.0017125,0.002245833333333333,0.0027458333333333336,6.512696622004664,A,m087,30.0,300000.0,0.85,1.2096,60.0,0.22081185091248978,0.664614898283617,10.204911066148247,0.22081185091248978,0.664614898283617,10.204911066148247
0.5,0.002,SC,0.26933014089251617,0.8922180029407146,13.176287341921297,True,1.6722016318833872,4.331624939796501,0.08363673493696475,0.9758547378776795,0.17269542273828536,0.0021583333333333333,0.09655833333333333,0.0011250000000000001,0.002329166666666667,0.0009666666666666667,6.771391514072856,B,m087,30.0,300000.0,0.85,1.2096,60.0,0.2308027867115071,0.6963468940057079,10.28366019832856,0.2308027867115071,0.6963468940057079,10.28366019832856
0.5,0.002,SC,0.2703140183662868,0.922081075922842,13.46925727755868,True,1.5549806510284336,4.529274606433361,0.08720070443937471,1.0092817803622167,0.26184381801691103,0.002170833333333333,0.09475833333333333,0.0011666666666666668,0.0022958333333333338,0.0015583333333333332,6.845819757702114,C,m087,30.0,300000.0,0.85,1.2096,60.0,0.24288191964794886,0.5456988706662166,7.971271374071165,0.24288191964794886,0.5456988706662166,7.971271374071165
0.5,0.01,SC,0.21610178758272627,1.2462373767848913,19.025346010342602,True,1.8645549176105287,3.2460144087652325,0.1483262132586997,1.394563590043591,0.5958235042734941,0.012529166666666666,0.09137500000000001,0.012212500000000001,0.012812500000000001,0.0081375,6.550405843380766,A,m084,30.0,300000.0,0.95,1.2096,60.0,0.14448953531653908,0.46999132756693757,7.174995546907484,0.14448953531653908,0.46999132756693757,7.174995546907484
0.5,0.01,SC,0.22284547667483254,1.4754099383799428,19.41763673563846,True,2.2921024080304067,4.293906743823589,0.13838778419519904,1.613797722575142,0.8007527935661221,0.009966666666666667,0.09537500000000002,0.00745,0.0098375,0.007329166666666666,7.598298178439121,B,m084,30.0,300000.0,0.95,1.2096,60.0,0.16587592246167254,0.6783046854552646,8.927060632866676,0.16587592246167254,0.6783046854552646,8.927060632866676
0.5,0.01,SC,0.22861434820355214,1.5518465313071217,20.11829459191339,True,2.188649154320096,4.694155355790214,0.15614522346603002,1.7079917547731518,0.7586279100933526,0.009591666666666667,0.09263333333333335,0.007050000000000001,0.009808333333333334,0.006495833333333334,7.713608746592722,C,m084,30.0,300000.0,0.95,1.2096,60.0,0.17658459239464822,0.48065739954694414,6.231290895578047,0.17658459239464822,0.48065739954694414,6.231290895578047
0.5,0.01,SC,0.14363389233212565,0.8809882998505731,15.298852203754873,True,1.1420569702837904,2.075990951048179,0.0703582771374569,0.9513465769880302,0.3200283889295132,0.013174999999999997,0.1019625,0.014033333333333332,0.014170833333333332,0.014637500000000001,5.7585254639844665,A,m036,30.0,30000.0,0.95,1.2096,60.0,0.05532904393844639,0.19071039329576026,3.3117921330472506,0.05532904393844639,0.19071039329576026,3.3117921330472506
0.5,0.01,SC,0.17730525244272793,0.7988881005728327,13.049708844798074,True,1.1063136609776705,2.4393499679675794,0.06915780041452446,0.8680459009873571,0.39210262728875417,0.008975,0.10175000000000001,0.010020833333333333,0.009170833333333333,0.0092375,6.1218844809038675,B,m036,30.0,30000.0,0.95,1.2096,60.0,0.05643194341438805,0.2382677599903133,3.892065600609539,0.05643194341438805,0.2382677599903133,3.892065600609539
0.5,0.01,SC,0.1745538979564527,0.8104772836163765,11.046501353483976,False,1.0456014109229899,3.0430466562757523,0.13509467270708045,0.9455719563234568,0.3603197977112755,0.008924999999999999,0.10702916666666666,0.0087875,0.009325,0.007979166666666666,7.336959075832264,C,m036,30.0,30000.0,0.95,1.2096,60.0,0.05378802025197174,0.10002945459953287,1.36336394364018,0.05378802025197174,0.10002945459953287,1.36336394364018
5.0,0.002,SC,0.07799385784319146,0.17623556120055014,3.022598111661657,True,0.48790892918908596,1.8233554031055632,0.16720087144102377,0.343436432641574,0.08460873582021328,0.0020750000000000005,0.05350833333333334,0.0016166666666666666,0.002029166666666667,0.0003541666666666667,5.830598534439817,A,m093,30.0,300000.0,0.95,1.2096,60.0,0.0783059270706202,0.14447249654751199,2.477833033678289,0.0783059270706202,0.14447249654751199,2.477833033678289
5.0,0.002,SC,0.07160935963052044,0.1638458994439565,2.9645365901310585,False,0.4372056055479311,1.51962066213011,0.16402907621677967,0.32787497566073615,0.12869014705649692,0.0021791666666666665,0.05260416666666666,0.001845833333333333,0.0020291666666666665,0.001075,5.526863793464363,B,m093,30.0,300000.0,0.95,1.2096,60.0,0.05529451369950506,0.10933062988719486,1.978167618613665,0.05529451369950506,0.10933062988719486,1.978167618613665
5.0,0.002,SC,0.0711497185524486,0.1707974693342462,3.1386101963109585,False,0.37571146419574974,1.6460485275457253,0.17287323921678172,0.3436707085510279,0.1250830609691344,0.002254166666666667,0.05197083333333332,0.001929166666666667,0.002220833333333333,0.0009041666666666666,5.441818469047132,C,m093,30.0,300000.0,0.95,1.2096,60.0,0.0582313232473553,0.032040755644721815,0.5887876603559726,0.0582313232473553,0.032040755644721815,0.5887876603559726
0.5,0.002,SC,0.03286963345389759,0.27204474694625824,5.1253043025530065,True,1.6474990104296356,2.671973224906106,1.099511973576725,1.371556720522983,1.1220242281612571,0.0026750000000000003,0.05311250000000001,0.0026624999999999995,0.0027375000000000003,0.0028250000000000003,5.3078750233571075,A,m065,same,300000.0,0.95,1.2096,10.0,0.06991713752636085,0.2759422899066529,5.198733743586258,0.06991713752636085,0.2759422899066529,5.198733743586258
0.5,0.002,SC,0.03830042210886373,0.15830423351485343,2.802592734235488,True,1.5811265271844548,3.0125904559199084,1.0823272178324883,1.2406314513473418,1.0596209677847244,0.0017875000000000002,0.0529875,0.0020625000000000005,0.0017125,0.0019875000000000006,5.648492254370909,B,m065,same,300000.0,0.95,1.2096,10.0,0.058155822794105444,0.3404950758371129,6.028070155777083,0.058155822794105444,0.3404950758371129,6.028070155777083
0.5,0.002,SC,0.032168441058203406,0.11978380096054753,3.3086675934796936,False,1.3283457847415785,2.128893590060116,1.1958627446520655,1.3156465456126125,1.2200661656265483,0.0019625000000000003,0.0563125,0.0016625000000000001,0.0017875000000000002,0.0018500000000000003,3.620303266384402,C,m065,same,300000.0,0.95,1.2096,10.0,0.04713745945963026,0.012699239128965634,0.35077832420509814,0.04713745945963026,0.012699239128965634,0.35077832420509814
0.5,0.002,SC,0.05435512427127451,0.26322260213606885,6.820996099232432,False,1.4262199029745548,2.0192300291140564,0.8149014827033725,1.0781240848394416,0.8039723519308966,0.0035250000000000012,0.0450125,0.003125,0.0036875000000000007,0.003175,3.8590053169168264,A,m067,same,300000.0,0.85,1.2096,10.0,0.06180445457858097,0.3480958181351132,9.020350830022341,0.06180445457858097,0.3480958181351132,9.020350830022341
0.5,0.002,SC,0.04455818646619551,0.26798432223053503,6.237417781706225,True,1.4670723636594165,2.456623183636942,0.7954678936201758,1.063452215850711,0.7497312644331718,0.0019625000000000003,0.044912499999999994,0.0018125000000000003,0.0020250000000000003,0.0017375000000000001,4.296398471439712,B,m067,same,300000.0,0.85,1.2096,10.0,0.07158644446682633,0.4036201478087057,9.394383470056807,0.07158644446682633,0.4036201478087057,9.394383470056807
0.5,0.002,SC,0.027686919921170366,0.12213658847635411,4.625288128232312,False,1.1251498348060693,1.53630080991336,0.8647071574007759,0.98684374587713,0.8595986054230842,0.0021375000000000005,0.0490375,0.0018125000000000003,0.0020125000000000004,0.0020125000000000004,2.6406265964458338,C,m067,same,300000.0,0.85,1.2096,10.0,0.03734617245958284,0.13830608892893925,5.237623869845631,0.03734617245958284,0.13830608892893925,5.237623869845631
0.5,0.01,SC,0.1252876830610368,0.5873211699317613,15.179660429059236,True,0.8906997929909812,1.429365892003464,0.12068821855734072,0.7080093884891019,0.21438179924407036,0.012925,0.08257916666666668,0.014224999999999998,0.013770833333333333,0.010608333333333334,3.8691324662798188,A,m086,30.0,300000.0,0.85,1.2096,60.0,0.07320466993453024,0.18269040450187918,4.721740754395428,0.07320466993453024,0.18269040450187918,4.721740754395428
0.5,0.01,SC,0.16096779909131534,0.7493256118631773,17.141107997004625,True,1.1328378900013891,1.9317455356416287,0.11546328589288582,0.8647888977560632,0.37726197814087087,0.010641666666666669,0.08665833333333334,0.0108125,0.011145833333333334,0.008283333333333334,4.371512109917984,B,m086,30.0,300000.0,0.85,1.2096,60.0,0.0805045721560906,0.2680489922453259,6.131722513982808,0.0805045721560906,0.2680489922453259,6.131722513982808
0.5,0.01,SC,0.20629688036109872,1.1504571774712626,22.63968820147609,True,1.5680454438221834,2.765049468025754,0.126855740016594,1.2773129174878566,0.26510964754876554,0.010016666666666669,0.08802499999999999,0.0081,0.0105625,0.004054166666666667,5.081594619294508,C,m086,30.0,300000.0,0.85,1.2096,60.0,0.10312312127883687,0.2907325263343266,5.72128530738034,0.10312312127883687,0.2907325263343266,5.72128530738034
0.5,0.01,SC,0.018130757187761862,0.06307279374081062,3.0940255364713543,False,0.19287351758291887,-1.2942351047942544,0.09190157588301914,0.1549743696238298,0.10217680519390711,0.030341666666666673,0.15670833333333337,0.02673333333333333,0.0285625,0.025716666666666665,2.038535008755723,A,m032,same,30000.0,0.95,1.2096,60.0,0.011376430239221288,0.03789914795908907,1.8591364777307349,0.011376430239221288,0.03789914795908907,1.8591364777307349
0.5,0.01,Sage,0.010440802052379504,0.003926360244182753,0.23217307568548962,True,0.13264639935418163,-1.6416350701819216,0.09250713858168844,0.09643349882587118,0.0911824317147875,0.008245833333333332,0.15717916666666665,0.006933333333333333,0.006645833333333333,0.006416666666666668,1.6911350433680554,B,m032,same,30000.0,0.95,1.2096,60.0,0.012463839528457032,0.0414639676393941,2.451842494897077,0.009147054148126034,0.03621290052831041,2.1413370073739935
0.5,0.01,SC,0.010793512114104556,0.038918958025453795,1.5521350070217472,False,0.3729101334007583,-0.9543476232727146,0.34470991521212746,0.3836288732375813,0.34350032354428534,0.008875,0.1443625,0.009504166666666666,0.00955,0.009579166666666668,2.5074467007951773,C,m032,same,30000.0,0.95,1.2096,60.0,0.01064182466147931,-0.01071873983682299,-0.4274762782963162,0.01064182466147931,-0.01071873983682299,-0.4274762782963162
0.5,0.002,SC,0.009547201453463054,0.010463201280608635,0.6126968630483975,False,0.13793142402229505,-1.6250412329824688,0.09161629096776881,0.10207949224837745,0.092675306683661,0.008791666666666666,0.15689583333333332,0.007870833333333332,0.008241666666666666,0.007770833333333333,1.7077288805675077,A,m033,same,30000.0,0.95,1.2096,60.0,0.007729676689083349,0.035851931773917614,2.0993924844793512,0.007729676689083349,0.035851931773917614,2.0993924844793512
0.5,0.002,S0,0.006447676951053864,-0.005375566842017893,-0.25747795263252493,False,0.11566136206921267,-1.2449925826753407,0.09691952212662631,0.09154395528460842,0.08443169260652264,0.001808333333333333,0.15237083333333337,0.0019166666666666666,0.0018249999999999998,0.0015833333333333335,2.087777530874636,B,m033,same,30000.0,0.95,1.2096,60.0,0.008651706316472463,0.01874183994258637,0.8976933444980042,0.009355950465359435,0.024117406784604258,1.1551712971305288
0.5,0.002,SC,0.01216354139889093,0.02293528870281837,0.8232880882669843,False,0.2135058196145251,-0.6759786382006275,0.24739853352004487,0.2703338222228632,0.24263549921488842,0.0018375,0.14200833333333332,0.0020958333333333337,0.002070833333333333,0.001945833333333333,2.785815685867264,C,m033,same,30000.0,0.95,1.2096,60.0,0.015467473273101792,-0.05682800260833813,-2.039905328146172,0.015467473273101792,-0.05682800260833813,-2.039905328146172
5.0,0.002,SC,0.007841428412386383,0.016550513864991477,1.0508527681253803,True,0.1611351076209143,0.23619376495721217,0.09820971377316752,0.114760227638159,0.10257663800468213,0.0025208333333333333,0.0376,0.0022208333333333338,0.0023916666666666665,0.0021583333333333324,1.5749602957715945,A,m041,same,30000.0,0.95,1.2096,60.0,0.009547131639679175,0.0463748799827553,2.9445110525808915,0.009547131639679175,0.0463748799827553,2.9445110525808915
5.0,0.002,SC,0.0059137892434285005,0.012639296204844918,0.7401502160063235,True,0.18050826342290716,0.36889982278659156,0.09968748668050101,0.11232678288534595,0.08860315596178467,0.0015833333333333335,0.0414625,0.0017125,0.0018874999999999999,0.001575,1.7076663536009744,B,m041,same,30000.0,0.95,1.2096,60.0,0.013956775699261218,0.06818148053756123,3.992669902629762,0.013956775699261218,0.06818148053756123,3.992669902629762
5.0,0.002,SC,0.009019763691895373,0.008299904698720169,0.28487714201197933,False,0.13374778594926673,0.5212158543374711,0.14107688751884978,0.14937679221756994,0.13299157141492582,0.0019208333333333334,0.05265416666666667,0.0018375000000000002,0.0016916666666666666,0.0016125,2.9135032175979747,C,m041,same,30000.0,0.95,1.2096,60.0,0.016841445334110153,-0.015629006268303224,-0.5364334651803986,0.016841445334110153,-0.015629006268303224,-0.5364334651803986
0.5,0.002,SC,0.016398588610601093,0.08984846504352385,6.159168502440417,False,0.44115600682225836,0.1366746663033293,0.23821729648129888,0.3280657615248227,0.23832167473862148,0.006508333333333334,0.048620833333333335,0.005641666666666666,0.006391666666666666,0.0058583333333333334,1.4587758884648738,A,m081,same,300000.0,0.95,1.2096,60.0,0.011977299960898531,0.11309024529743564,7.752407082656464,0.011977299960898531,0.11309024529743564,7.752407082656464
0.5,0.002,SC,0.010824615265117224,0.05115594803000929,2.929931668644883,True,0.4335728306302801,0.42387628910476194,0.2500217832192516,0.30117773124926084,0.2607975380551863,0.0017708333333333332,0.047679166666666675,0.0019625,0.001925,0.002179166666666667,1.7459775112663067,B,m081,same,300000.0,0.95,1.2096,60.0,0.012040501881808451,0.13239509938101932,7.58286395596224,0.012040501881808451,0.13239509938101932,7.58286395596224
0.5,0.002,SC,0.008715543459072501,0.030985792464477625,2.3045934692258765,False,0.3440354611375122,0.22101430910888573,0.27902939983681524,0.3100151923012929,0.27832569439158167,0.0017250000000000002,0.051770833333333335,0.0019416666666666662,0.0018666666666666669,0.0020125,1.3445231394709234,C,m081,same,300000.0,0.95,1.2096,60.0,0.014188566700384306,0.034020268836219295,2.5302851128026287,0.014188566700384306,0.034020268836219295,2.5302851128026287
0.5,0.01,SC,0.01478339973728772,0.050528438888870784,3.777251549013558,False,0.29517937316186693,0.015602614430076083,0.1981896605646813,0.24871809945355206,0.20001595251214774,0.023208333333333334,0.05046666666666666,0.02090833333333333,0.0223125,0.02062083333333333,1.3377038365916207,A,m080,same,300000.0,0.95,1.2096,60.0,0.009820166652149933,0.046461273708314876,3.4732107688870113,0.009820166652149933,0.046461273708314876,3.4732107688870113
0.5,0.01,SC,0.01573149870442863,0.09109092151235723,6.472974013126347,True,0.42228599337317724,0.08514869615477676,0.23065135824324373,0.321742279755601,0.2309377722973449,0.009116666666666665,0.04895000000000001,0.006925000000000001,0.008775,0.00625,1.4072499183163214,B,m080,same,300000.0,0.95,1.2096,60.0,0.015816729963739427,0.1005437136175763,7.14469493363837,0.015816729963739427,0.1005437136175763,7.14469493363837
0.5,0.01,SC,0.01386454964069253,0.08027024246766272,6.7325374364594905,True,0.42695987635304267,0.06876441319938595,0.2570827242847257,0.3373529667523884,0.26163954610603596,0.009408333333333335,0.05204583333333333,0.004437499999999999,0.009129166666666666,0.004720833333333334,1.192273243561424,C,m080,same,300000.0,0.95,1.2096,60.0,0.016591737977660385,0.08960690960065423,7.515635370042406,0.016591737977660385,0.08960690960065423,7.515635370042406
0.5,0.002,SC,0.015365088784196991,0.06335279230371804,5.985659718611279,False,0.3355802880654618,0.09265783808490723,0.16484904722632654,0.22820183953004455,0.16580637334700848,0.0066208333333333345,0.0413375,0.005820833333333333,0.006495833333333334,0.005775000000000001,1.0584095201191357,A,m083,same,300000.0,0.85,1.2096,60.0,0.0132247559856104,0.10737844853541725,10.145264804811148,0.0132247559856104,0.10737844853541725,10.145264804811148
0.5,0.002,SC,0.011538711578118187,0.04422904844283693,3.7149520656937227,True,0.3531465751966282,0.22481680070008897,0.17537449468312513,0.21960354312596203,0.16931188776665468,0.002066666666666667,0.040475,0.0020791666666666662,0.0021041666666666665,0.002,1.1905684827343173,B,m083,same,300000.0,0.85,1.2096,60.0,0.024941897827664924,0.13354303207066615,11.216745110198511,0.024941897827664924,0.13354303207066615,11.216745110198511
0.5,0.002,SC,0.012554689607126659,0.03183837387761142,3.2055431290141887,True,0.28938611764959266,0.14859694838234666,0.20415274111771656,0.235991114995328,0.20227049707438974,0.0019916666666666663,0.0446375,0.0021041666666666665,0.0020708333333333334,0.0020875000000000004,0.9932286853180722,C,m083,same,300000.0,0.85,1.2096,60.0,0.02015381518819395,0.053395002654264646,5.375902190860043,0.02015381518819395,0.053395002654264646,5.375902190860043
