name,r_f,tau,T_tel_A,probe_B,rho_B,alpha,n_flows_min,candidate,s_ms,best_baseline,headroom,gain_S0,harm_S0,gain_Sage,harm_Sage,gain_SC,harm_SC,gain_K2,harm_K2,gain_K2inf,harm_K2inf,width_ms,width_ci,width_pct,vs_best_ms,vs_best_ci,vs_best_pct,center_ms,center_ci,center_pct
m000,30000.0,2.0,0.5,same,0.95,0.01,317,False,1.2096,SC,8.321034028507336,1.029737944594399,0.013799999999999998,0.9776628908961577,0.0128,1.0924827943398328,0.012575,1.1916378364415645,0.012575,2.323448513633355,0.15217499999999998,0.09915504210173177,0.06544266986581375,1.1916192358069067,0.09915504210173177,0.06544266986581375,1.1916192358069067,0.06274484974543379,0.06885408660610202,0.7540511134851018
m001,30000.0,2.0,0.5,same,0.95,0.002,317,False,1.2096,S0,9.762935240721283,0.6284776709804106,0.0028,0.49130587377645973,0.0017000000000000001,0.5531321713239643,0.00195,0.6238044095537226,0.0018750000000000004,3.765349725847301,0.15077499999999996,0.07067223822975836,0.04227371675775496,0.7238830995721848,-0.004673261426687891,0.08852357328205768,-0.04786738118671196,-0.07534549965644625,0.0767777368847907,-0.7717504807588967
m002,30000.0,2.0,0.5,same,0.85,0.01,283,False,1.2096,SC,1.1128493062734974,0.21051319828098386,0.010225,0.2124630103933439,0.009824999999999999,0.8526101896430015,0.012775,0.8526101896430015,0.012775,0.8526101896430015,0.012775,0.0,0.0,0.0,0.0,0.0,0.0,0.6420969913620177,0.11655029353077527,57.69846714575871
m003,30000.0,2.0,0.5,same,0.85,0.002,283,False,1.2096,SC,0.8462203691323106,0.09624535715456026,0.001925,0.09382895659995719,0.0019,0.5162705891280039,0.002325,0.5445468670803504,0.0024,0.5859812525018149,0.005724999999999999,0.028276277952346263,0.022355741320864306,3.341479239189187,0.028276277952346263,0.022355741320864306,3.341479239189187,0.4200252319734437,0.10532494907746452,49.63544335432687
m004,30000.0,2.0,0.5,30.0,0.95,0.01,317,False,1.2096,SC,11.640320359263498,0.09185336866606315,0.005275,0.2091431264229775,0.0091,0.8444439215257248,0.009,0.8530511296723106,0.008775,4.038189383149567,0.20739999999999997,0.00860720814658562,0.030620504711831927,0.0739430520890768,0.00860720814658562,0.030620504711831927,0.0739430520890768,0.7525905528596617,0.26058630099168495,6.465376635968114
m005,30000.0,2.0,0.5,30.0,0.95,0.002,317,False,1.2096,SC,11.937937769073107,0.003293227338055067,0.00022500000000000002,0.036618557650687035,0.001675,0.27497965992686174,0.00195,0.2919792835553191,0.001925,4.335806792959179,0.21327500000000002,0.016999623628457285,0.03597747259020993,0.14240000205477013,0.016999623628457285,0.03597747259020993,0.14240000205477013,0.27168643258880676,0.10701936142211757,2.2758238302485405
m006,30000.0,2.0,0.5,30.0,0.85,0.01,283,False,1.2096,SC,0.36780792071678203,0.042723104857977805,0.0039250000000000005,0.04972491020044273,0.0018750000000000004,0.1016304176570753,0.002225,0.1016304176570753,0.002225,0.1016304176570753,0.002225,0.0,0.0,0.0,0.0,0.0,0.0,0.058907312799097486,0.02237112253822713,16.015781466668592
m007,30000.0,2.0,0.5,30.0,0.85,0.002,283,False,1.2096,SC,0.28719640693759046,0.012152820892644831,0.00042500000000000003,0.012161692630530232,0.000125,0.021018903877883754,0.0007,0.021018903877883754,0.0007,0.021018903877883754,0.0007,0.0,0.0,0.0,0.0,0.0,0.0,0.008866082985238924,0.00836475625290473,3.0871148701959834
m008,30000.0,2.0,5.0,same,0.95,0.01,317,False,1.2096,SC,10.99838603533401,0.3112452633684185,0.009749999999999998,0.31398775453412,0.009374999999999998,0.37102371460328365,0.00875,0.3757266158879412,0.00875,0.8408806155957776,0.111175,0.0047029012846575265,0.022514446884499394,0.04275992195171848,0.0047029012846575265,0.022514446884499394,0.04275992195171848,0.05977845123486521,0.05035297008914682,0.5435202132641801
m009,30000.0,2.0,5.0,same,0.95,0.002,317,False,1.2096,SC,11.730831841445339,0.1507687183963484,0.00195,0.13890993977035532,0.001425,0.18564076968990365,0.0020499999999999997,0.19550501262399314,0.0021999999999999997,1.5733264217071063,0.18182500000000001,0.009864242934089534,0.021919189548228326,0.0840881794864615,0.009864242934089534,0.021919189548228326,0.0840881794864615,0.034872051293555195,0.04552756868473566,0.2972683588417943
m010,30000.0,2.0,5.0,same,0.85,0.01,283,False,1.2096,SC,0.5557946914141089,0.01950626264314421,0.0009750000000000002,0.01576287110028148,0.0005,0.28426257371279945,0.0014500000000000001,0.28426257371279945,0.0014500000000000001,0.28426257371279945,0.0014500000000000001,0.0,0.0,0.0,0.0,0.0,0.0,0.26475631106965525,0.12212955514146367,47.63563149479452
m011,30000.0,2.0,5.0,same,0.85,0.002,283,False,1.2096,SC,0.5557946914141089,0.01950626264314421,0.0009750000000000002,0.01576287110028148,0.0005,0.28426257371279945,0.0014500000000000001,0.28426257371279945,0.0014500000000000001,0.28426257371279945,0.0014500000000000001,0.0,0.0,0.0,0.0,0.0,0.0,0.26475631106965525,0.12212955514146367,47.63563149479452
m012,30000.0,2.0,5.0,30.0,0.95,0.01,317,False,1.2096,SC,11.371937878750966,0.22531004359945223,0.010449999999999997,0.21050266099062648,0.00985,0.28029263016330874,0.009725000000000001,0.28810180192597434,0.00975,0.4576803810894228,0.109625,0.00780917176266554,0.0073148672727851435,0.0686705453892548,0.00780917176266554,0.0073148672727851435,0.0686705453892548,0.05498258656385655,0.044684703337753165,0.48349355360614715
m013,30000.0,2.0,5.0,30.0,0.95,0.002,317,False,1.2096,SC,12.088525136021236,0.02322845306920571,0.000825,0.020992919189585863,0.001925,0.07406878948278194,0.001375,0.07359847612370767,0.001325,1.1742676383596895,0.21647499999999997,-0.00047031335907426824,0.014808781444304012,-0.003890576838632154,-0.00047031335907426824,0.014808781444304012,-0.003890576838632154,0.05084033641357623,0.03707866805909542,0.42056690821680826
m014,30000.0,2.0,5.0,30.0,0.85,0.01,283,False,1.2096,SC,0.29292548843141464,0.006335374206540784,5e-05,0.005674538730775046,2.5e-05,0.014025953190549788,5e-05,0.014025953190549788,5e-05,0.014025953190549788,5e-05,0.0,0.0,0.0,0.0,0.0,0.0,0.007690578984009008,0.009586961356959956,2.6254386483031076
m015,30000.0,2.0,5.0,30.0,0.85,0.002,283,False,1.2096,SC,0.29292548843141464,0.006335374206540784,5e-05,0.005674538730775046,2.5e-05,0.014025953190549788,5e-05,0.014025953190549788,5e-05,0.014025953190549788,5e-05,0.0,0.0,0.0,0.0,0.0,0.0,0.007690578984009008,0.009586961356959956,2.6254386483031076
m016,30000.0,10.0,0.5,same,0.95,0.01,317,False,1.2096,SC,3.6422390654246235,0.46894954413889367,0.0206,0.45556235252027344,0.021725,0.623221335069377,0.0206,0.6829474066259701,0.021474999999999998,-0.33209596139391645,0.144,0.05972607155659295,0.04130845716955318,1.6398174442629536,0.05972607155659295,0.04130845716955318,1.6398174442629536,0.15427179093048332,0.07099090467005537,4.235630560194923
m017,30000.0,10.0,0.5,same,0.95,0.002,317,False,1.2096,SC,4.352013403685554,0.4609589659297919,0.0058000000000000005,0.45285817950977514,0.00575,0.5090592025640217,0.0056,0.5843538826198917,0.0058249999999999994,0.3776783768670132,0.1386,0.07529468005587006,0.0397101852025974,1.7301114006704545,0.07529468005587006,0.0397101852025974,1.7301114006704545,0.04810023663422975,0.03050816828621515,1.1052410039338458
m018,30000.0,10.0,0.5,same,0.85,0.01,283,False,1.2096,SC,0.6364660091104711,0.08143613844506789,0.013600000000000001,0.07078411386175601,0.013825,0.43339825615893784,0.02085,0.4357963994847715,0.021275,0.4123316911032804,0.0306,0.002398143325833685,0.0021316489280212873,0.37679047922533127,0.002398143325833685,0.0021316489280212873,0.37679047922533127,0.3519621177138699,0.0610214308770929,55.29943668252989
m019,30000.0,10.0,0.5,same,0.85,0.002,283,False,1.2096,SC,0.5563106903808033,0.06535295471031047,0.002525,0.06421517227335687,0.00235,0.28165957203354697,0.0038000000000000004,0.3211868419864225,0.004375,0.3321763723736124,0.02095,0.03952726995287552,0.01467575633532443,7.105250831296894,0.03952726995287552,0.01467575633532443,7.105250831296894,0.21630661732323656,0.05246498792811264,38.88234058115463
m020,30000.0,10.0,0.5,30.0,0.95,0.01,317,False,1.2096,SC,10.182484087853286,0.07536527897240006,0.005900000000000001,0.18426677925992385,0.011,1.1322089929737087,0.009774999999999999,1.3088498459992473,0.0093,4.295580806827411,0.188475,0.1766408530255381,0.10182023101511699,1.734752065424325,0.1766408530255381,0.10182023101511699,1.734752065424325,1.056843714001309,0.2992395543507859,10.379036243837795
m021,30000.0,10.0,0.5,30.0,0.95,0.002,317,False,1.2096,SC,11.62445431775159,0.037672919604057144,0.00042500000000000003,0.14254681622570461,0.0014249999999999998,0.3330189485697062,0.0015500000000000002,0.5466415361416204,0.00165,5.737551036725718,0.19492500000000001,0.21362258757191413,0.12581374336076567,1.8376999189174255,0.21362258757191413,0.12581374336076567,1.8376999189174255,0.2953460289656491,0.09365856144226993,2.5407302647714745
m022,30000.0,10.0,0.5,30.0,0.85,0.01,283,False,1.2096,SC,0.43457381385903543,0.027278290186786902,0.011975,0.024909182882410362,0.012025000000000001,0.12362931605316911,0.011649999999999999,0.12362931605316911,0.011649999999999999,0.12362931605316911,0.011649999999999999,0.0,0.0,0.0,0.0,0.0,0.0,0.09635102586638224,0.03793478654133714,22.17138327106751
m023,30000.0,10.0,0.5,30.0,0.85,0.002,283,False,1.2096,SC,0.3661704421406722,0.014824964556113382,0.002475,0.01808741492869692,0.0014750000000000002,0.0525078483196401,0.00295,0.052218426738543045,0.003,0.05522594433480593,0.004975,-0.00028942158109706055,0.0006226550086857097,-0.07904012661564667,-0.00028942158109706055,0.0006226550086857097,-0.07904012661564667,0.037682883763526735,0.02578537834922754,10.291077440120098
m024,30000.0,10.0,5.0,same,0.95,0.01,317,False,1.2096,SC,5.088632328778241,0.35606506930869775,0.009075000000000001,0.3556509144759879,0.009000000000000001,0.38536210436821394,0.0104,0.3920892137079566,0.010374999999999999,0.37468451802326486,0.02815,0.006727109339742618,0.020599139661056053,0.1321987698285478,0.006727109339742618,0.020599139661056053,0.1321987698285478,0.029297035059516176,0.040425672719942296,0.5757349552222467
m025,30000.0,10.0,5.0,same,0.95,0.002,317,False,1.2096,SC,7.115022705116042,0.33104901223920663,0.0021750000000000003,0.3071026322945662,0.001575,0.3712753555516719,0.0017250000000000002,0.47353569652776806,0.0016250000000000001,2.401074894361066,0.082575,0.10226034097609611,0.06570972485584302,1.4372454623731001,0.10226034097609611,0.06570972485584302,1.4372454623731001,0.04022634331246522,0.054174691984666255,0.5653719598609369
m026,30000.0,10.0,5.0,same,0.85,0.01,283,False,1.2096,SC,0.581456542225426,0.0574392151687869,0.0030499999999999998,0.04877794293448576,0.0043,0.2614272665917718,0.00925,0.2626755805045299,0.009274999999999999,0.2955314603814533,0.016400000000000005,0.0012483139127580588,0.009373168139231515,0.21468739658175479,0.0012483139127580588,0.009373168139231515,0.21468739658175479,0.2039880514229849,0.06731436502812865,35.08225234550726
m027,30000.0,10.0,5.0,same,0.85,0.002,283,False,1.2096,SC,0.5359371529187039,0.045547014723363324,0.0017249999999999998,0.03805443850918794,0.002025,0.10368533974420316,0.00205,0.11591610100694157,0.0019,0.2500120710747312,0.014150000000000001,0.012230761262738416,0.016184418087024106,2.2821260284214135,0.012230761262738416,0.016184418087024106,2.2821260284214135,0.058138325020839834,0.04916596244826548,10.847974376140854
m028,30000.0,10.0,5.0,30.0,0.95,0.01,317,False,1.2096,SC,7.755103685567358,0.2706661512214058,0.008775000000000002,0.26929199326259823,0.00835,0.45088464139476264,0.0086,0.43402358662067597,0.00895,0.911887540637171,0.070775,-0.01686105477408668,0.02184921233629178,-0.21741881808061392,-0.01686105477408668,0.02184921233629178,-0.21741881808061392,0.18021849017335687,0.14444852673561528,2.323869512006044
m029,30000.0,10.0,5.0,30.0,0.95,0.002,317,False,1.2096,SC,9.811002381126514,0.2126572119078713,0.001775,0.2188639357378163,0.00215,0.2264448227292272,0.0014500000000000003,0.3021067193537409,0.0009500000000000001,2.967786236196326,0.128725,0.07566189662451372,0.05983086018398906,0.7711943559412949,0.07566189662451372,0.05983086018398906,0.7711943559412949,0.0137876108213559,0.0857754910158375,0.1405321320467643
m030,30000.0,10.0,5.0,30.0,0.85,0.01,283,False,1.2096,SC,0.4562355296456821,0.02052384530046532,0.0010999999999999998,0.0192280414383831,0.0018500000000000003,0.13238444872641844,0.007925000000000001,0.13238444872641844,0.007925000000000001,0.13238444872641844,0.007925000000000001,0.0,0.0,0.0,0.0,0.0,0.0,0.11186060342595312,0.07380135672160247,24.518170146201765
m031,30000.0,10.0,5.0,30.0,0.85,0.002,283,False,1.2096,SC,0.4551579281327734,0.020332869338303305,0.0010999999999999998,0.018150439925474417,0.00205,0.08848444345789591,0.0024250000000000005,0.08979025962668026,0.0024000000000000002,0.13130684721350977,0.007925000000000001,0.001305816168784341,0.006028825337655528,0.2868929855053351,0.001305816168784341,0.006028825337655528,0.2868929855053351,0.0681515741195926,0.04768458842148782,14.97317082867822
m032,30000.0,60.0,0.5,same,0.95,0.01,317,True,1.2096,SC,2.0388480966452898,0.08349417917671931,0.027991666666666665,0.07987451227498141,0.028133333333333333,0.1394759227122662,0.030425,0.19676695519883824,0.03169999999999999,-1.385086849408002,0.16005833333333336,0.05729103248657206,0.0210222079109986,2.809970619235363,0.05729103248657206,0.0210222079109986,2.809970619235363,0.05598174353554687,0.023424504127459545,2.7457535275756415
m033,30000.0,60.0,0.5,same,0.95,0.002,317,True,1.2096,SC,1.76253144973645,0.09809016550608068,0.008516666666666667,0.0971915202026385,0.0082,0.11513640136002405,0.00885,0.16216721316567423,0.009466666666666667,-1.6614034963168418,0.16056666666666666,0.047030811805650184,0.018448419576601975,2.6683672403509546,0.047030811805650184,0.018448419576601975,2.6683672403509546,0.017046235853943374,0.027733435068751172,0.9671450603898322
m034,30000.0,60.0,0.5,same,0.85,0.01,283,False,1.2096,SC,0.4332966009585847,0.01583348482530378,0.01639166666666667,0.010622648740981093,0.016983333333333333,0.2549637589194039,0.02465,0.2581822932493469,0.024966666666666665,0.22038490117656157,0.034291666666666665,0.003218534329942993,0.0042351691009205016,0.7428016566071856,0.003218534329942993,0.0042351691009205016,0.7428016566071856,0.23913027409410015,0.043124710743105144,55.18858757836337
m035,30000.0,60.0,0.5,same,0.85,0.002,283,False,1.2096,SC,0.2876436971524535,0.01458380299277004,0.0034999999999999996,0.007883269239736547,0.0032500000000000003,0.12098366054254103,0.006441666666666667,0.13802492490648394,0.007483333333333333,0.07473199737043039,0.029041666666666667,0.017041264363942897,0.006879035914948756,5.924435171931088,0.017041264363942897,0.006879035914948756,5.924435171931088,0.106399857549771,0.01959356530532525,36.990157824796064
m036,30000.0,60.0,0.5,30.0,0.95,0.01,317,True,1.2096,SC,5.9076758920969015,0.06723483713408121,0.013066666666666666,0.2773219589496678,0.014033333333333333,0.8743312631913172,0.014033333333333333,1.0970956677502604,0.012916666666666668,2.101392364687819,0.10354166666666667,0.22276440455894306,0.08076324110168782,3.7707621174165986,0.22276440455894306,0.08076324110168782,3.7707621174165986,0.807096426057236,0.22781776103196624,13.66182642377087
m037,30000.0,60.0,0.5,30.0,0.95,0.002,317,True,1.2096,SC,7.6504733830813425,0.053935474567460104,0.0005583333333333333,0.3468435542281556,0.002533333333333333,0.7355151329771887,0.0025499999999999997,0.964092087278724,0.0022583333333333335,3.8441898556722593,0.10629999999999999,0.2285769543015351,0.12261942139348093,2.987749160816926,0.2285769543015351,0.12261942139348093,2.987749160816926,0.6815796584097286,0.2003495359215088,8.908986729069726
m038,30000.0,60.0,0.5,30.0,0.85,0.01,283,False,1.2096,SC,0.3238536324470197,0.011051604069538047,0.01755,0.009133267007539235,0.0175,0.11174623556090095,0.016158333333333337,0.11182872981028633,0.016233333333333332,0.1049276244720481,0.01896666666666667,8.24942493853953e-05,0.0009266195454967453,0.025472695415541098,8.24942493853953e-05,0.0009266195454967453,0.025472695415541098,0.10069463149136293,0.02890848241122094,31.092636117903016
m039,30000.0,60.0,0.5,30.0,0.85,0.002,283,False,1.2096,SC,0.2618189853656265,0.00564555107949873,0.0037583333333333336,0.008069119637482188,0.0038250000000000007,0.05228881577944135,0.0026000000000000003,0.05419744652457679,0.0025333333333333336,0.04289297739065487,0.008775000000000002,0.0019086307451354465,0.003602955369363999,0.728988672257694,0.0019086307451354465,0.003602955369363999,0.728988672257694,0.04664326469994261,0.02808484744122291,17.81508114654327
m040,30000.0,60.0,5.0,same,0.95,0.01,317,False,1.2096,SC,1.4676219329284121,0.10303643782875227,0.007883333333333334,0.1022494279409973,0.007733333333333333,0.13110045448480662,0.010600000000000002,0.13193027306131386,0.010533333333333334,0.13014325945237618,0.011666666666666667,0.0008298185765072422,0.0021294176133186396,0.05654171267742421,0.0008298185765072422,0.0021294176133186396,0.05654171267742421,0.028064016656054357,0.022305781433228124,1.9122102243359747
m041,30000.0,60.0,5.0,same,0.95,0.002,317,True,1.2096,SC,1.67511921071711,0.11009145777778365,0.0022,0.1109572900345787,0.00225,0.12272375261372777,0.0023833333333333337,0.17019023001632538,0.002725,0.33764053724107446,0.034125,0.047466477402597615,0.018877732767312142,2.833617876203417,0.047466477402597615,0.018877732767312142,2.833617876203417,0.012632294835944125,0.009982588981445436,0.7541131852064609
m042,30000.0,60.0,5.0,same,0.85,0.01,283,False,1.2096,SC,0.18632155447050247,0.014640604944647247,0.002183333333333333,0.014603952747185312,0.002183333333333333,0.04281121617567156,0.011066666666666667,0.04281121617567156,0.011066666666666667,0.04281121617567156,0.011066666666666667,0.0,0.0,0.0,0.0,0.0,0.0,0.028170611231024302,0.028032789453413406,15.119351763182149
m043,30000.0,60.0,5.0,same,0.85,0.002,283,False,1.2096,SC,0.18632155447050247,0.014640604944647247,0.002183333333333333,0.014603952747185312,0.002183333333333333,0.03082477217796354,0.0024999999999999996,0.03184470685312091,0.0025666666666666667,0.04281121617567156,0.011066666666666667,0.0010199346751573676,0.003264299043292277,0.5474056278973557,0.0010199346751573676,0.003264299043292277,0.5474056278973557,0.01618416723331629,0.01666113416847131,8.686148674161307
m044,30000.0,60.0,5.0,30.0,0.95,0.01,317,False,1.2096,SC,2.778973599394482,0.0795956445013495,0.007941666666666666,0.07611481734983896,0.008783333333333332,0.14298248275317849,0.00935,0.151481417763997,0.00965,0.22771351963741773,0.042749999999999996,0.008498935010818507,0.021424580921789074,0.3058300018636507,0.008498935010818507,0.021424580921789074,0.3058300018636507,0.063386838251829,0.0551577157310171,2.2809442401914333
m045,30000.0,60.0,5.0,30.0,0.95,0.002,317,False,1.2096,SC,3.1320950018696037,0.07756526149186169,0.0020583333333333335,0.07383385553388408,0.0017916666666666667,0.10625113525762755,0.0018250000000000002,0.15254071512166317,0.0016833333333333331,0.5808349221125404,0.055916666666666656,0.046289579864035604,0.04908442162313609,1.4779111053912644,0.046289579864035604,0.04908442162313609,1.4779111053912644,0.028685873765765868,0.04536171707475751,0.9158685719508111
m046,30000.0,60.0,5.0,30.0,0.85,0.01,283,False,1.2096,SC,0.24650723405116834,0.009552118271227766,0.004858333333333333,0.009062940629946824,0.004175,0.04165058562113975,0.007908333333333333,0.04165058562113975,0.007908333333333333,0.04165058562113975,0.007908333333333333,0.0,0.0,0.0,0.0,0.0,0.0,0.03209846734991198,0.021659327594805815,13.021308471316178
m047,30000.0,60.0,5.0,30.0,0.85,0.002,283,False,1.2096,SC,0.24898547166351642,0.009842264699849317,0.001575,0.012568970979641067,0.002325,0.04089563159897704,0.0021666666666666666,0.040646620682729936,0.0022166666666666667,0.04412882323348777,0.007675000000000001,-0.0002490109162471014,0.0006332432843926878,-0.10001021930453008,-0.0002490109162471014,0.0006332432843926878,-0.10001021930453008,0.031053366899127723,0.019907411351002147,12.471959384479195
m048,300000.0,2.0,0.5,same,0.95,0.01,32,False,1.2096,SC,12.862764534582961,2.4265236643812407,0.010624999999999999,2.2524224222258065,0.008900000000000002,2.7490062615242117,0.009150000000000002,2.8103736811327886,0.008900000000000002,5.373247991331863,0.08977500000000001,0.06136741960857748,0.07592539598498316,0.4770935473753283,0.06136741960857748,0.07592539598498316,0.4770935473753283,0.3224825971429711,0.1744814398383069,2.507101768643444
m049,300000.0,2.0,0.5,same,0.95,0.002,32,False,1.2096,SC,14.960703669701394,1.7880546284008474,0.0028499999999999997,1.5715600691592932,0.002075,1.6286553264311556,0.0017000000000000001,1.695723337548639,0.0015,7.471187126450298,0.099825,0.06706801111748294,0.10718636708690812,0.4482944960223357,0.06706801111748294,0.10718636708690812,0.4482944960223357,-0.1593993019696915,0.1467900100263264,-1.0654532399602898
m050,300000.0,2.0,0.5,same,0.85,0.01,28,False,1.2096,SC,9.395644209732327,1.9676259394887439,0.010725,1.8661782804768556,0.01,2.548631300832255,0.00925,2.6465002135964943,0.009725000000000001,4.290041566717818,0.067625,0.09786891276423973,0.0718924763065571,1.0416413242091882,0.09786891276423973,0.0718924763065571,1.0416413242091882,0.5810053613435114,0.10597750151054841,6.183773548403274
m051,300000.0,2.0,0.5,same,0.85,0.002,28,False,1.2096,SC,10.237094788385749,1.323267508267144,0.00235,1.113762818435686,0.0017499999999999998,1.3687112848601803,0.001575,1.5175285690464229,0.001475,5.131492145371239,0.07165,0.1488172841862425,0.0977918047753458,1.453706224885986,0.1488172841862425,0.0977918047753458,1.453706224885986,0.04544377659303643,0.13806085771699164,0.44391282421838646
m052,300000.0,2.0,0.5,30.0,0.95,0.01,32,False,1.2096,SC,20.43722798816635,0.1579864405935554,0.0021750000000000003,0.7197813638378091,0.0064,2.8171936492482503,0.009400000000000002,2.968371324951289,0.009125,9.414223876174542,0.1634,0.15117767570303825,0.19733572305010721,0.7397171269536837,0.15117767570303825,0.19733572305010721,0.7397171269536837,2.6592072086546947,0.48459134539161486,13.01158459549622
m053,300000.0,2.0,0.5,30.0,0.95,0.002,32,True,1.2096,SC,20.9054264225853,0.09864901686029873,0.0007250000000000002,0.18810213985864488,0.0014,0.5229384037119991,0.0015250000000000003,0.9988060779237937,0.0019250000000000003,9.882422310593494,0.16652499999999998,0.47586767421179443,0.2383423434265718,2.27628781442931,0.47586767421179443,0.2383423434265718,2.27628781442931,0.4242893868517005,0.1515533602454352,2.0295658087764092
m054,300000.0,2.0,0.5,30.0,0.85,0.01,28,False,1.2096,SC,9.646664841059765,0.3863754026803516,0.0066,0.28253541892916056,0.00165,1.045496991576039,0.008325000000000003,1.034606946458484,0.008275000000000001,2.5131327617068058,0.0907,-0.010890045117555081,0.03688976183362948,-0.11288922437942522,-0.010890045117555081,0.03688976183362948,-0.11288922437942522,0.6591215888956872,0.12415292384055684,6.832636976151825
m055,300000.0,2.0,0.5,30.0,0.85,0.002,28,False,1.2096,SC,9.407331833298965,0.015086642798565758,2.5e-05,0.01650887240160743,0.00030000000000000003,0.3036977977386952,0.0013750000000000001,0.34949867117045713,0.0016,2.2737997539460033,0.094875,0.04580087343176188,0.024851436064996686,0.48686358941481517,0.04580087343176188,0.024851436064996686,0.48686358941481517,0.28861115494012946,0.154836647728345,3.0679384979122104
m056,300000.0,2.0,5.0,same,0.95,0.01,32,False,1.2096,SC,19.295060864583295,0.501501839821948,0.0099,0.4810160464706573,0.009525000000000002,0.7605930343143378,0.008475000000000002,0.7428702368951445,0.008525000000000001,2.0294968864427654,0.11480000000000001,-0.017722797419193304,0.03195081059018725,-0.09185147195738609,-0.017722797419193304,0.03195081059018725,-0.09185147195738609,0.2590911944923896,0.14974589028665394,1.342785059403258
m057,300000.0,2.0,5.0,same,0.95,0.002,32,False,1.2096,SC,20.459386825548112,0.309350015308825,0.0018249999999999998,0.23824927510783178,0.001175,0.28775048804204606,0.001675,0.28949074241360817,0.0018000000000000002,3.193822847407581,0.1682,0.0017402543715621499,0.025949370838873102,0.008505897006595788,0.0017402543715621499,0.025949370838873102,0.008505897006595788,-0.021599527266779016,0.055101215579941173,-0.10557270093650697
m058,300000.0,2.0,5.0,same,0.85,0.01,28,False,1.2096,SC,12.975177341423057,0.3563299657490776,0.01095,0.3171713073295918,0.009075,1.0745639913519847,0.01205,1.0731680427149282,0.01255,3.5432724643266758,0.084325,-0.0013959486370563544,0.055095062841409546,-0.010758609307017403,-0.0013959486370563544,0.055095062841409546,-0.010758609307017403,0.718234025602907,0.24411174435111857,5.535446697209723
m059,300000.0,2.0,5.0,same,0.85,0.002,28,False,1.2096,SC,11.906274985739996,0.1503345372146784,0.0018500000000000003,0.15119424349926514,0.0016,0.386929771512226,0.001275,0.3754257959126275,0.0010999999999999998,2.4743701086436163,0.05005,-0.011503975599598468,0.03640183913748759,-0.09662111460869703,-0.011503975599598468,0.03640183913748759,-0.09662111460869703,0.23659523429754756,0.13877364994004965,1.9871474040446306
m060,300000.0,2.0,5.0,30.0,0.95,0.01,32,False,1.2096,SC,20.302648513418738,0.3704403510157236,0.00835,0.3893861442165396,0.00935,0.5990130859697471,0.00835,0.6031933446058064,0.008475,1.5480392666199418,0.120025,0.004180258636059203,0.006976192043985984,0.02058972076129044,0.004180258636059203,0.006976192043985984,0.02058972076129044,0.22857273495402364,0.10363726022922051,1.1258271786705651
m061,300000.0,2.0,5.0,30.0,0.95,0.002,32,False,1.2096,SC,21.291837667723918,0.08544423365697108,0.000975,0.0686365310081647,0.0016,0.1556634937369919,0.0016250000000000001,0.1536517606862464,0.001475,2.537228420925121,0.19859999999999997,-0.002011733050745477,0.015637601745382326,-0.009448376801195714,-0.002011733050745477,0.015637601745382326,-0.009448376801195714,0.0702192600800208,0.10563914941140734,0.3297942675303479
m062,300000.0,2.0,5.0,30.0,0.85,0.01,28,False,1.2096,SC,12.580481908881719,0.3435434715134968,0.009025,0.35387515371481837,0.007200000000000001,0.7026419621538548,0.010525000000000001,0.7196201566234693,0.01045,2.9190311323063147,0.074575,0.016978194469614617,0.01588132006934981,0.13495663037858785,0.016978194469614617,0.01588132006934981,0.13495663037858785,0.359098490640358,0.23627145066593827,2.8544096580818366
m063,300000.0,2.0,5.0,30.0,0.85,0.002,28,False,1.2096,SC,10.020254650699286,0.013271153815723264,0.00047500000000000005,0.026127138057088932,0.0002,0.1154194784442896,0.002675,0.11422786799910982,0.00265,0.35880387412388276,0.010375,-0.0011916104451797742,0.011080396061665547,-0.011892017585567198,-0.0011916104451797742,0.011080396061665547,-0.011892017585567198,0.10214832462856634,0.11529623089514981,1.0194184498239043
m064,300000.0,10.0,0.5,same,0.95,0.01,32,False,1.2096,SC,3.908911906220348,1.0038457006528407,0.013674999999999998,1.0324365471052692,0.013850000000000001,1.3321326391069175,0.013824999999999999,1.4682042662760717,0.014625000000000003,1.4565445278390308,0.0526,0.1360716271691543,0.04223626768278199,3.481061493164381,0.1360716271691543,0.04223626768278199,3.481061493164381,0.32828693845407664,0.08696014201560648,8.398422536247633
m065,300000.0,10.0,0.5,same,0.95,0.002,32,True,1.2096,SC,5.023786973693551,1.0598859883657004,0.0029999999999999996,1.0439694804703687,0.003175,1.2622289919154628,0.0033,1.522065271032486,0.003175,2.571419595312234,0.052500000000000005,0.2598362791170231,0.07800650719858783,5.172119766973085,0.2598362791170231,0.07800650719858783,5.172119766973085,0.20234300354976237,0.09959008747676866,4.02769871830368
m066,300000.0,10.0,0.5,same,0.85,0.01,28,False,1.2096,SC,2.805814486109123,0.7490467390628098,0.013025,0.7589251288989544,0.012825,0.9539693923524064,0.013900000000000001,1.0245337060842579,0.013175000000000001,0.9847041836481024,0.043225,0.07056431373185114,0.032387307159431104,2.514931549508964,0.07056431373185114,0.032387307159431104,2.514931549508964,0.20492265328959655,0.048282588141535424,7.303499725449303
m067,300000.0,10.0,0.5,same,0.85,0.002,28,True,1.2096,SC,3.928989010214034,0.8117314717334672,0.00245,0.8026139628698358,0.0024249999999999996,1.0955989760380636,0.0033,1.3863081396292398,0.0033750000000000004,2.107878707753014,0.043175000000000005,0.2907091635911764,0.0897097646499849,7.399083144173514,0.2907091635911764,0.0897097646499849,7.399083144173514,0.28386750430459634,0.0556308352099702,7.224950326067023
m068,300000.0,10.0,0.5,30.0,0.95,0.01,32,True,1.2096,SC,15.274557068934755,0.40518872974143844,0.008400000000000001,1.1577937741812172,0.00795,3.252887128034737,0.009975000000000001,4.093182285592766,0.009774999999999999,9.06682749180207,0.12090000000000001,0.8402951575580294,0.44342723190846983,5.501273482207962,0.8402951575580294,0.44342723190846983,5.501273482207962,2.847698398293299,0.6109679596568713,18.64341064321217
m069,300000.0,10.0,0.5,30.0,0.95,0.002,32,True,1.2096,SC,17.94674965588333,0.2251442685565601,0.0009999999999999998,0.23737987220674456,0.001025,1.1145979996884627,0.001325,2.473769674003914,0.0017249999999999998,11.739020078750645,0.131,1.359171674315451,0.48552407703001094,7.573358409609761,1.359171674315451,0.48552407703001094,7.573358409609761,0.8894537311319027,0.4466395733837973,4.956071423441964
m070,300000.0,10.0,0.5,30.0,0.85,0.01,28,True,1.2096,SC,8.807836735493893,0.31489457688413297,0.008150000000000001,0.47522897735216174,0.009475,1.6244180090176026,0.008325000000000003,1.990959706845885,0.008600000000000002,4.543189949245046,0.124225,0.3665416978282825,0.19953451674564499,4.161540555709778,0.3665416978282825,0.19953451674564499,4.161540555709778,1.3095234321334694,0.43942946564755353,14.867707831780544
m071,300000.0,10.0,0.5,30.0,0.85,0.002,28,True,1.2096,SC,10.60251866917,0.09629024880182015,0.00075,0.10126397780068537,0.00075,1.0595259534084829,0.0021000000000000003,1.5474452860306387,0.002075,6.337871882921152,0.13812499999999997,0.4879193326221559,0.31877977399887963,4.601919108531519,0.4879193326221559,0.31877977399887963,4.601919108531519,0.9632357046066626,0.514633835650273,9.084970606159452
m072,300000.0,10.0,5.0,same,0.95,0.01,32,False,1.2096,SC,8.713412213845228,0.6542426925674005,0.00935,0.6579977440873345,0.00905,0.7315466891077659,0.009149999999999998,0.734660911574746,0.009125,0.8300969817153925,0.020024999999999998,0.0031142224669801987,0.010939560203389645,0.03574056168296315,0.0031142224669801987,0.010939560203389645,0.03574056168296315,0.07730399654036538,0.07600304717862617,0.887183971596486
m073,300000.0,10.0,5.0,same,0.95,0.002,32,False,1.2096,SC,12.074152720272375,0.5367953979500241,0.0018000000000000002,0.5305051703844283,0.0018750000000000004,0.8693917040531949,0.001425,0.9811663132473267,0.0015249999999999999,4.19083748814254,0.06945,0.11177460919413199,0.08360640630780419,0.9257345983910209,0.11177460919413199,0.08360640630780419,0.9257345983910209,0.33259630610317076,0.1167205838983749,2.754614040492838
m074,300000.0,10.0,5.0,same,0.85,0.01,28,False,1.2096,SC,6.410974239876792,0.4822444047882044,0.008499999999999999,0.49331026509904063,0.008374999999999999,0.5915440639260281,0.0097,0.6010685604112471,0.00935,0.7108646324430199,0.040549999999999996,0.00952449648521896,0.03899245249576178,0.14856550859268475,0.00952449648521896,0.03899245249576178,0.14856550859268475,0.10929965913782373,0.13584219007384823,1.7048837672435302
m075,300000.0,10.0,5.0,same,0.85,0.002,28,True,1.2096,SC,8.94597204654294,0.4380289624192324,0.0019,0.3988867436774909,0.001375,0.709998201661558,0.0014,0.9016668685660901,0.001675,3.2458624391091666,0.05569999999999999,0.19166866690453196,0.10890575570889072,2.142513590556098,0.19166866690453196,0.10890575570889072,2.142513590556098,0.27196923924232574,0.18933253013647455,3.040130662463057
m076,300000.0,10.0,5.0,30.0,0.95,0.01,32,False,1.2096,SC,13.019372827618534,0.508045565588076,0.006875000000000001,0.48651603597727167,0.009,0.825983314307855,0.009025000000000002,0.8358159521934254,0.008750000000000003,1.6523565288590774,0.0635,0.009832637885570487,0.03635389141111744,0.07552313015195405,0.009832637885570487,0.03635389141111744,0.07552313015195405,0.31793774871977903,0.278633734811721,2.4420358256069337
m077,300000.0,10.0,5.0,30.0,0.95,0.002,32,False,1.2096,SC,18.142238233242352,0.30530804709244047,0.0016,0.29480588574177313,0.001975,0.790231928214507,0.0015,0.9110138725876851,0.001375,6.7752219344829,0.11052500000000001,0.12078194437317813,0.23110401405385952,0.66574996326455,0.12078194437317813,0.23110401405385952,0.66574996326455,0.48492388112206647,0.18618180393647762,2.6728999745661572
m078,300000.0,10.0,5.0,30.0,0.85,0.01,28,False,1.2096,SC,9.151578206638018,0.4193118943360424,0.009699999999999999,0.3998923870416025,0.009525,0.6228558192342175,0.010199999999999999,0.6025857117195628,0.010175,1.3884223373823557,0.0558,-0.02027010751465489,0.047361833648513284,-0.22149302619686018,-0.02027010751465489,0.047361833648513284,-0.22149302619686018,0.20354392489817524,0.18695485068350592,2.224140146128418
m079,300000.0,10.0,5.0,30.0,0.85,0.002,28,False,1.2096,SC,10.395743900461957,0.1947486769841866,0.00165,0.1788530881122755,0.0016250000000000001,0.2557153295137221,0.001225,0.3553109651139556,0.0014500000000000003,2.632588031206297,0.0809,0.09959563560023346,0.11663713154976592,0.9580424119125108,0.09959563560023346,0.11663713154976592,0.9580424119125108,0.06096665252953555,0.15160547085703752,0.5864578149797088
m080,300000.0,60.0,0.5,same,0.95,0.01,32,True,1.2096,SC,1.3981266329098485,0.21238242150786418,0.022274999999999996,0.20660458461065434,0.023158333333333336,0.2595436003490677,0.02346666666666667,0.3142248834269642,0.024325,0.06300669074618569,0.05044166666666666,0.05468128307789655,0.020769721318251236,3.9110393715976377,0.05468128307789655,0.020769721318251236,3.9110393715976377,0.047161178841203445,0.014253792460557173,3.3731693346724487
m081,300000.0,60.0,0.5,same,0.95,0.002,32,True,1.2096,SC,1.466658398907422,0.24034163971224212,0.006266666666666666,0.23986849139055524,0.006066666666666666,0.33349947449291173,0.0067666666666666665,0.4462266198854836,0.007091666666666667,0.13153845674375925,0.049258333333333335,0.112727145392572,0.012321320070846267,7.685985058044012,0.112727145392572,0.012321320070846267,7.685985058044012,0.09315783478066961,0.029934618970107456,6.351706358485858
m082,300000.0,60.0,0.5,same,0.85,0.01,28,False,1.2096,SC,0.939846029983751,0.13125653356912012,0.021875,0.12696337061487126,0.022425,0.17251174715583106,0.022016666666666667,0.19904169924650042,0.022875,0.0511830115750123,0.04120833333333333,0.026529952090669346,0.010779160286234494,2.8227976971002393,0.026529952090669346,0.010779160286234494,2.8227976971002393,0.041255213586710936,0.026310622463483993,4.3895715117745615
m083,300000.0,60.0,0.5,same,0.85,0.002,28,True,1.2096,SC,1.0002165915155028,0.15700628088047952,0.00575,0.15773483963712107,0.006241666666666666,0.21627131566151717,0.006500000000000001,0.33547101698255744,0.00645,0.11155357310676421,0.03949166666666667,0.11919970132104023,0.023857802763519453,11.917388926775537,0.11919970132104023,0.023857802763519453,11.917388926775537,0.05926503478103762,0.027751293137195134,5.925220125697049
m084,300000.0,60.0,0.5,30.0,0.95,0.01,32,True,1.2096,SC,6.078414649964421,0.14866099046224282,0.012141666666666667,0.49037446797885914,0.007274999999999999,1.1316623664457344,0.01095,1.5932791096873489,0.010533333333333332,2.691201418949403,0.08908333333333333,0.4616167432416146,0.2748639140518541,7.594360862569924,0.4616167432416146,0.2748639140518541,7.594360862569924,0.9830013759834915,0.19304440478272697,16.172002612379284
m085,300000.0,60.0,0.5,30.0,0.95,0.002,32,True,1.2096,SC,8.814539732273968,0.1231654226845837,0.0011666666666666665,0.3826011412363076,0.002741666666666667,1.0140070461398554,0.002658333333333333,1.865073105465647,0.0023166666666666665,5.427326501258949,0.09662499999999999,0.8510660593257917,0.32963532843037396,9.655252403136362,0.8510660593257917,0.32963532843037396,9.655252403136362,0.8908416234552716,0.267910097015254,10.106501876592631
m086,300000.0,60.0,0.5,30.0,0.85,0.01,28,True,1.2096,SC,3.6984908379920505,0.11199738790951201,0.014008333333333334,0.21031546089479983,0.009808333333333334,0.6422418432437789,0.014866666666666663,0.781735742254273,0.013441666666666666,1.2765683167397917,0.08124999999999999,0.13949389901049428,0.09307292219741808,3.771643762844279,0.13949389901049428,0.09307292219741808,3.771643762844279,0.5302444553342667,0.1611820368501495,14.336778933921652
m087,300000.0,60.0,0.5,30.0,0.85,0.002,28,True,1.2096,SC,6.173673129334724,0.08474017497480021,0.0018,0.25957321877153544,0.002091666666666666,0.8839431341590046,0.00215,1.538638091264361,0.001691666666666667,3.751750608082466,0.09314166666666666,0.6546949571053563,0.37117572146609823,10.604626182661313,0.6546949571053563,0.37117572146609823,10.604626182661313,0.7992029591842043,0.4715634398098875,12.945339710110737
m088,300000.0,60.0,5.0,same,0.95,0.01,32,False,1.2096,SC,2.1033544120029664,0.20987882449777265,0.005566666666666667,0.20834350711657906,0.005091666666666666,0.2459139136449989,0.0066166666666666665,0.2450249513093879,0.006708333333333333,0.24767126540335985,0.008975,-0.0008889623356110405,0.0018439589653407398,-0.042264029805823645,-0.0008889623356110405,0.0018439589653407398,-0.042264029805823645,0.03603508914722629,0.02297207904575591,1.7132200328004197
m089,300000.0,60.0,5.0,same,0.95,0.002,32,False,1.2096,SC,2.4769105973442995,0.22090262915077913,0.0012999999999999997,0.22371950207189434,0.001675,0.2521970767431367,0.0013833333333333332,0.29951427485684134,0.001641666666666667,0.6212274507446934,0.01799166666666667,0.047317198113704724,0.04602439368465963,1.91033128787278,0.047317198113704724,0.04602439368465963,1.91033128787278,0.03129444759235749,0.027123158267437192,1.2634467964209468
m090,300000.0,60.0,5.0,same,0.85,0.01,28,False,1.2096,SC,1.577805280431345,0.14994004299661526,0.005666666666666667,0.1491892653233196,0.0032833333333333334,0.1581249451420889,0.0091,0.15850975538445208,0.00915,0.15529002068893677,0.010333333333333333,0.00038481024236316217,0.0024654246061429947,0.024388956428004958,0.00038481024236316217,0.0024654246061429947,0.024388956428004958,0.008184902145473677,0.03879143388608743,0.5187523610794397
m091,300000.0,60.0,5.0,same,0.85,0.002,28,False,1.2096,SC,1.701331447347055,0.15817463502808377,0.0014666666666666665,0.15500189936164982,0.0014666666666666665,0.14972403876399917,0.00155,0.16677944937338834,0.0014583333333333334,0.2788161876046471,0.012433333333333334,0.017055410609389154,0.00959016745945648,1.0024743054026448,0.017055410609389154,0.00959016745945648,1.0024743054026448,-0.008450596264084603,0.010858717942632762,-0.49670487648141165
m092,300000.0,60.0,5.0,30.0,0.95,0.01,32,False,1.2096,SC,4.766384141463788,0.16218213847134305,0.006691666666666667,0.14925097160724007,0.0089,0.5002589878894685,0.0086,0.504231041739678,0.008725,0.9332664983667026,0.05296666666666666,0.003972053850209528,0.03233237782128064,0.08333474038854294,0.003972053850209528,0.03233237782128064,0.08333474038854294,0.33807684941812555,0.13859166345373072,7.092941722366087
m093,300000.0,60.0,5.0,30.0,0.95,0.002,32,True,1.2096,SC,5.188098971936438,0.163103771697311,0.0016833333333333331,0.1611738862792457,0.0013833333333333334,0.1418490212316706,0.0019666666666666665,0.28014800920545513,0.0022,1.3549813288393515,0.055200000000000006,0.1382989879737845,0.09354107407958724,2.6656967941797944,0.1382989879737845,0.09354107407958724,2.6656967941797944,-0.02125475046564041,0.0596339410453224,-0.40968282564793007
m094,300000.0,60.0,5.0,30.0,0.85,0.01,28,False,1.2096,SC,3.4667894014088696,0.11674076666435507,0.003441666666666667,0.1178875609697501,0.00275,0.4554891854563571,0.009216666666666666,0.46751940886497556,0.009333333333333334,0.6368930031122282,0.047766666666666666,0.012030223408618512,0.022355008078548125,0.3470133894989279,0.012030223408618512,0.022355008078548125,0.3470133894989279,0.33874841879200196,0.14244805536922708,9.771243060058332
m095,300000.0,60.0,5.0,30.0,0.85,0.002,28,False,1.2096,SC,3.627108374389202,0.11998495150920534,0.0019,0.11274220532212571,0.0016083333333333331,0.2507453068096564,0.002233333333333333,0.26206657315032084,0.0026000000000000003,0.797211976092561,0.04806666666666666,0.011321266340664502,0.02543231627439961,0.3121292548246778,0.011321266340664502,0.02543231627439961,0.3121292548246778,0.13076035530045102,0.13197392339491013,3.605085423522003
