gain_K2,gain_S0,gain_SC,harm_K2,harm_S0,harm_SC,headroom,name,seed,switch_K2,switch_S0,switch_SC,width_ms
2.2034349903808033,0.4661574953913338,1.0936769487995284,0.002,0.00275,0.0015,20.369036536043385,factor_0000,71001,0.0585,0.01675,0.021,1.109758041581275
0.973138050137558,0.4495645605039146,1.073560608947282,0.00075,0.0005,0.00175,18.29296604705949,factor_0000,71002,0.02075,0.00875,0.017,-0.10042255880972395
0.9239680691983467,0.5574860138347087,0.3690010626128999,0.0015,0.0015,0.0,17.801924395685653,factor_0000,71003,0.03675,0.00975,0.00425,0.5549670065854468
1.222143337964495,0.4937796432382886,1.3657583521862315,0.0015,0.001,0.0025,15.490937472193151,factor_0000,71004,0.03525,0.01025,0.02275,-0.1436150142217365
2.657156471012595,1.170401006721967,2.0066752157308163,0.003,0.00125,0.0035,16.880112229713763,factor_0000,71005,0.05825,0.01625,0.034,0.6504812552817785
2.3227471117785212,0.22111565389951165,1.7203115276566718,0.00075,0.00125,0.00025,18.774811951091934,factor_0000,71006,0.04475,0.00575,0.0235,0.6024355841218494
3.316564445152123,0.3137842663100038,1.0950827375631338,0.002,0.0015,0.0025,20.271997305478806,factor_0000,71007,0.07075,0.0065,0.025,2.221481707588989
1.6462646772288017,0.3606055000497134,1.1092613434027598,0.0025,0.00125,0.0015,18.50193857642627,factor_0000,71008,0.041,0.0075,0.0175,0.5370033338260418
2.713226824174034,-0.0028947898639110807,1.7635826355723712,0.001,0.00225,0.00225,22.052532303118067,factor_0001,71001,0.06075,0.00375,0.03225,0.9496441886016629
1.3285344761136721,0.09231392241674957,0.7608591504546296,0.002,0.00075,0.0005,15.80662494308083,factor_0001,71002,0.0415,0.00275,0.016,0.5676753256590426
1.404263611174001,0.47385202716847946,1.5152154206561925,0.002,0.0025,0.0025,20.44408703531436,factor_0001,71003,0.03675,0.013,0.026,-0.11095180948219152
1.5886870538800044,1.4021960591124145,1.2762454852170109,0.001,0.00675,0.00275,19.55427388969695,factor_0001,71004,0.03675,0.0365,0.0265,0.31244156866299355
2.294337735896734,0.1205485455904661,1.4031231353485702,0.00225,0.002,0.0025,20.747133750404387,factor_0001,71005,0.0405,0.00725,0.02875,0.8912146005481636
3.7493697785715323,0.4074529659305226,2.170115076106891,0.001,0.00175,0.00175,20.376190071377394,factor_0001,71006,0.07675,0.0115,0.0335,1.5792547024646413
2.8473720306600927,0.8556893999510924,1.7089754535363881,0.00225,0.009,0.002,19.66666218132103,factor_0001,71007,0.0695,0.031,0.03525,1.1383965771237046
2.3936875030751543,0.06848679139501998,1.65209189916103,0.00325,0.00275,0.00575,20.469548233165725,factor_0001,71008,0.04975,0.006,0.03975,0.7415956039141243
1.9957229097238032,0.3560662469798896,1.0588659304042032,0.002,0.00025,0.00075,17.34510156255119,factor_0010,71001,0.0425,0.00675,0.02,0.9368569793196
1.263179841067127,0.4610180023324315,0.3308726264824039,0.00125,0.00025,0.00125,17.59542316399639,factor_0010,71002,0.0305,0.007,0.0075,0.9323072145847232
0.9283476520781818,0.16743105013159545,0.9512433188448458,0.0015,0.0015,0.00225,21.295687898844154,factor_0010,71003,0.027,0.006,0.01775,-0.02289566676666399
1.1485835497254906,0.07811846419461796,0.9272322175405295,0.00325,0.002,0.003,19.505028240774692,factor_0010,71004,0.04025,0.00675,0.0225,0.22135133218496106
2.07178539957106,0.4857698813462519,1.900471851588789,0.003,0.0015,0.0045,21.38916067116703,factor_0010,71005,0.048,0.01425,0.04,0.17131354798227094
1.6030580455708143,0.2466689205291642,0.6177225324620075,0.0015,0.00025,0.0,21.081645166487572,factor_0010,71006,0.0505,0.0045,0.01,0.9853355131088068
1.4556003555077637,0.13911681229787887,2.0463911728591344,0.00225,0.002,0.00325,20.051465998835532,factor_0010,71007,0.0315,0.00475,0.03375,-0.5907908173513707
2.9537301959867435,0.20116883502542635,1.639220890211323,0.0025,0.004,0.00225,18.443482716266058,factor_0010,71008,0.0665,0.01675,0.03,1.3145093057754205
1.7579409807101474,0.18410118166414127,1.1256788027833664,0.00175,0.00025,0.0005,16.860084250378844,factor_0011,71001,0.0385,0.003,0.01475,0.632262177926781
1.5534139345800917,0.25619037094311264,1.4868469833736544,0.002,0.003,0.00325,22.02954797067456,factor_0011,71002,0.0375,0.01175,0.0245,0.0665669512064373
1.1589606879802936,0.042043576124184696,0.5719237852024059,0.00175,0.00075,0.00075,20.887774455152197,factor_0011,71003,0.025,0.00225,0.00875,0.5870369027778877
1.3317294884089166,0.12547156475198049,1.2086799295241224,0.001,0.00175,0.00175,18.619820558939203,factor_0011,71004,0.03125,0.0055,0.02,0.12304955888479419
1.8631562506661654,0.610824373195821,1.3569259471713382,0.002,0.00125,0.00175,20.465262517535944,factor_0011,71005,0.03175,0.01475,0.0195,0.5062303034948272
1.7733875329203153,0.007435238294324531,0.42861956724763,0.00225,0.00075,0.00325,25.16501137861471,factor_0011,71006,0.0455,0.00175,0.01325,1.3447679656726852
1.9241237575566552,0.17204345533711643,1.3073712490859504,0.0025,0.00125,0.0025,19.040745318155228,factor_0011,71007,0.04425,0.007,0.0255,0.6167525084707048
2.9579191849340085,0.5933911810236776,2.2006325174897388,0.00125,0.003,0.002,23.62802081318832,factor_0011,71008,0.05825,0.01525,0.03675,0.7572866674442698
1.8355497255035875,0.07788219289256029,0.8133959312743438,0.00175,0.0,0.0005,9.133386547729993,factor_0100,71001,0.095,0.00175,0.01575,1.0221537942292436
1.656648242112416,0.04225683636731095,0.6255340089753966,0.001,0.0,0.0005,7.373400044697075,factor_0100,71002,0.076,0.00075,0.014,1.0311142331370196
0.7856534456587081,0.01431929267242165,0.17293588517545108,0.00225,0.0,0.00025,7.268755007968923,factor_0100,71003,0.084,0.00075,0.01575,0.612717560483257
1.1788158866888094,-0.0028438813606194023,0.4147433622631669,0.00175,0.00025,0.0025,5.374341632724732,factor_0100,71004,0.1025,0.00075,0.0135,0.7640725244256426
0.8239625798782357,0.0064463104429020295,0.07094705417393195,0.002,0.0,0.00025,6.6842395356870945,factor_0100,71005,0.09375,0.00125,0.0135,0.7530155257043037
2.0646145266034104,0.11691094245112077,1.1045479922740615,0.0015,0.00175,0.00225,10.423713467555752,factor_0100,71006,0.1365,0.0055,0.02775,0.9600665343293489
2.567989957314603,0.022183683904280074,0.7459187841700178,0.001,0.00025,0.00275,9.57881359841158,factor_0100,71007,0.15175,0.00175,0.02375,1.822071173144585
1.4508983316332573,0.03555576389963411,0.16293900476766232,0.0015,0.00025,0.00175,8.634694061063147,factor_0100,71008,0.11225,0.00075,0.01625,1.287959326865595
0.5752873649012485,0.007497842785399545,0.017330519269041198,0.00175,0.00775,0.0045,6.929229094745642,factor_0101,71001,0.09075,0.022,0.01525,0.5579568456322074
0.527437933795333,0.0067743860577868156,0.16594615462619527,0.0025,0.0,0.00225,6.707654732162155,factor_0101,71002,0.07575,0.0005,0.01125,0.3614917791691377
0.847557396473281,0.27065808084192555,0.21392507719751988,0.001,0.00525,0.00475,7.487288185667373,factor_0101,71003,0.069,0.0265,0.02,0.6336323192757611
0.7216084812445461,0.09009210591501705,0.06130318326916207,0.00225,0.00025,0.00075,5.020599519007756,factor_0101,71004,0.0765,0.01675,0.00475,0.6603052979753841
0.9953707977826702,0.5791432293160238,0.389541770459597,0.0005,0.0015,0.0005,7.03324200185857,factor_0101,71005,0.0665,0.0115,0.00975,0.6058290273230733
1.3748663408229458,0.10760536275424672,0.5118832571180597,0.00175,0.005,0.001,9.641948215437328,factor_0101,71006,0.0985,0.014,0.0215,0.8629830837048861
1.1779438215467728,0.023752754710999534,0.03505007972378433,0.00275,0.00275,0.00225,6.241947680191387,factor_0101,71007,0.11675,0.007,0.01075,1.1428937418229885
1.827153636708764,0.05144882240970158,0.38801949982652495,0.00225,0.0005,0.00125,8.884639716051373,factor_0101,71008,0.11475,0.0025,0.02125,1.439134136882239
0.74427935635601,0.028724492829599442,0.3538734239818689,0.00175,0.00125,0.0025,9.294710942504793,factor_0110,71001,0.08425,0.0045,0.015,0.39040593237414106
1.3898072568581905,0.0018723872358967775,0.3615434213252261,0.00375,0.00475,0.00525,12.259324193652757,factor_0110,71002,0.09,0.0095,0.0205,1.0282638355329645
0.9989701284463252,0.1618650597203033,0.22377080660913576,0.00125,0.001,0.00175,9.864373139566347,factor_0110,71003,0.05025,0.00525,0.01425,0.7751993218371894
0.5816698460235457,0.3290482049768868,0.18277075182882066,0.0015,0.00175,0.00225,7.198910413595105,factor_0110,71004,0.0685,0.01825,0.00975,0.398899094194725
0.5754771993847676,-0.030249980984188875,0.15173382313786302,0.0025,0.00075,0.0015,7.5604958397138,factor_0110,71005,0.069,0.00125,0.01025,0.4237433762469046
1.3117150338107837,0.3819420223869671,0.6762267919420502,0.002,0.00225,0.0015,9.779414883584602,factor_0110,71006,0.081,0.0165,0.02075,0.6354882418687335
0.46798397446844475,0.022653198647076555,0.050552268823961945,0.0025,0.00425,0.0015,7.836199171585556,factor_0110,71007,0.0595,0.00925,0.007,0.4174317056444828
1.2207592773987872,0.13268849946747635,0.39711754272272304,0.00175,0.00375,0.002,7.871832004863569,factor_0110,71008,0.091,0.011,0.00975,0.8236417346760642
0.988243281164635,-0.01916820441211366,0.361086556052021,0.00225,0.0025,0.0045,9.003014511580968,factor_0111,71001,0.075,0.00625,0.02775,0.627156725112614
0.8400599951763329,0.006428239020756713,0.08965303245653432,0.00175,0.0,0.00325,8.654215455030199,factor_0111,71002,0.0735,0.00025,0.01775,0.7504069627197986
0.9861013003201932,0.001634852492324987,0.5909555224152434,0.00175,0.0,0.0035,12.284456241508295,factor_0111,71003,0.056,0.00025,0.032,0.39514577790494976
0.9172536274563837,0.015745388458086932,0.22492473935510018,0.0015,0.00275,0.0015,6.830843843367204,factor_0111,71004,0.07375,0.006,0.02175,0.6923288881012836
1.7436565949653124,0.11313118352049807,0.5190278113107261,0.00225,0.0055,0.00625,12.54288399896748,factor_0111,71005,0.07775,0.0175,0.03875,1.2246287836545864
1.2947656501434504,-0.013552055238899194,0.6350755446428222,0.00225,0.00025,0.00575,8.89794565049059,factor_0111,71006,0.0775,0.0005,0.0335,0.6596901055006281
0.3554113814424772,0.14423298311665006,0.11244403135354258,0.00475,0.003,0.004,7.641687212092362,factor_0111,71007,0.06575,0.0105,0.014,0.2429673500889346
0.7316630982949216,0.02162382755619803,0.09032610773306826,0.00175,0.0035,0.00125,6.284364432316557,factor_0111,71008,0.091,0.00875,0.01325,0.6413369905618533
4.930400015833914,0.9907950598709676,2.7423297401727442,0.0025,0.0015,0.00175,25.13651476127922,factor_1000,71001,0.0985,0.0155,0.0445,2.18807027566117
1.5274901371672602,0.2943541569640118,1.116081188127425,0.00125,0.00125,0.0005,18.704387614220927,factor_1000,71002,0.03825,0.0075,0.02575,0.41140894903983516
2.0978528044526135,0.22043450981320878,1.3302629623391058,0.0035,0.00225,0.003,21.90378445842338,factor_1000,71003,0.0575,0.00625,0.02825,0.7675898421135077
1.4878722559374997,0.2687820161267266,1.0819869160261848,0.002,0.00125,0.00275,12.437658961530774,factor_1000,71004,0.04325,0.00575,0.02525,0.4058853399113149
2.5794353873785814,0.7627217697667299,1.4040600116019528,0.00075,0.00075,0.00325,19.731066529970434,factor_1000,71005,0.0525,0.01175,0.03075,1.1753753757766285
3.4024959602632343,0.7528340976052204,1.9230522681089206,0.00075,0.003,0.00125,18.95223174593037,factor_1000,71006,0.063,0.022,0.02775,1.4794436921543137
2.064021354489758,0.4071546514438348,1.1423860382638447,0.002,0.00225,0.0025,17.7511886587694,factor_1000,71007,0.06575,0.00875,0.02125,0.9216353162259132
3.2284115862243836,0.39156285044593836,1.5715863827359622,0.00325,0.0015,0.0015,17.954624046760173,factor_1000,71008,0.05975,0.009,0.023,1.6568252034884214
2.9183424897980212,0.12693332637839816,2.3641654400848027,0.00175,0.00075,0.0025,18.244305407956347,factor_1001,71001,0.0715,0.004,0.041,0.5541770497132186
3.8306941134827817,2.4416685786238723,3.368684549246861,0.003,0.00075,0.00225,22.619902780743317,factor_1001,71002,0.0815,0.03425,0.05175,0.46200956423592077
3.3558501397870386,0.27400816530772415,2.633872991929008,0.0025,0.00225,0.00475,21.826721818478514,factor_1001,71003,0.06375,0.0085,0.05375,0.7219771478580306
3.007611546352846,0.39730629525085775,2.248309474708839,0.00175,0.00875,0.00125,20.27096815027931,factor_1001,71004,0.0715,0.02825,0.044,0.7593020716440071
2.904020368750898,0.18319068620221432,1.7094073162436916,0.00225,0.0015,0.0065,24.525300176149994,factor_1001,71005,0.0605,0.005,0.04375,1.1946130525072063
1.986477666237523,0.030294707245606407,0.9228140470044282,0.00175,0.0015,0.00375,17.495580866566865,factor_1001,71006,0.07275,0.004,0.025,1.0636636192330948
4.270345929505649,0.12541491344404113,2.0083758249241663,0.00225,0.001,0.00325,20.79950736555803,factor_1001,71007,0.07375,0.0045,0.03525,2.261970104581483
4.055535992910301,0.15912558634459378,2.741203103046477,0.004,0.00625,0.0075,22.30234642246093,factor_1001,71008,0.08475,0.01625,0.0525,1.3143328898638242
2.6976542068796268,0.492047866159101,1.9808791883418708,0.00125,0.00125,0.0005,20.656039548659955,factor_1010,71001,0.06175,0.00975,0.02275,0.7167750185377559
2.9311282218729273,0.7161489151960914,1.3338798199977824,0.00225,0.00275,0.00175,22.221455968432533,factor_1010,71002,0.0695,0.01275,0.02125,1.597248401875145
1.894290545682441,0.30363571967638675,1.0450914626755952,0.00475,0.002,0.003,16.673826925158398,factor_1010,71003,0.048,0.008,0.018,0.8491990830068459
2.7815540018944325,0.24245281386193362,1.2119241733579051,0.003,0.001,0.001,21.735263611467193,factor_1010,71004,0.05075,0.0065,0.02125,1.5696298285365273
2.658182377689964,0.2802242496248317,1.6731947101488336,0.0025,0.0015,0.002,18.777941917651678,factor_1010,71005,0.06,0.0065,0.028,0.9849876675411302
2.432826261256181,0.2381064084058927,1.0212116982943196,0.0015,0.0015,0.00025,17.341332552782482,factor_1010,71006,0.05625,0.009,0.016,1.4116145629618615
3.2906706252325044,0.16405610056720135,1.9640427732845018,0.00375,0.00125,0.006,19.507698635360036,factor_1010,71007,0.082,0.00575,0.0425,1.3266278519480026
2.4288141785649024,0.318089794851383,0.9874566418793117,0.0005,0.00075,0.0005,19.41114044556189,factor_1010,71008,0.076,0.00675,0.01725,1.4413575366855906
1.7657080637252756,0.1635306817855894,1.184356507786639,0.0025,0.00025,0.00125,18.27892194112829,factor_1011,71001,0.05925,0.00275,0.01425,0.5813515559386366
2.4466897035225523,1.0721717721292252,0.9611260891058468,0.00475,0.00325,0.0035,22.91037305230173,factor_1011,71002,0.0675,0.02325,0.0215,1.4855636144167055
2.0464947739517974,0.2587505713168766,0.6248399085274677,0.00175,0.00125,0.00025,23.973461949855285,factor_1011,71003,0.0475,0.006,0.01025,1.4216548654243297
2.854354190811377,0.6473429109200134,1.0225243329951352,0.00125,0.00075,0.00075,22.376611741754285,factor_1011,71004,0.0675,0.0095,0.019,1.831829857816242
3.87310736581382,0.7004381519115055,2.1653160255288966,0.001,0.0015,0.00075,23.996525335707876,factor_1011,71005,0.05775,0.0165,0.02925,1.7077913402849236
2.989518218870391,0.3662470145906445,0.9307353245697723,0.0025,0.00425,0.002,22.926302741720225,factor_1011,71006,0.0625,0.02125,0.018,2.058782894300619
2.515988558361095,0.03612283380401824,1.451353671739916,0.001,0.00125,0.0025,17.54699040460588,factor_1011,71007,0.0495,0.00375,0.0285,1.0646348866211788
2.985593887299627,0.4987945150055843,1.513509064040105,0.00125,0.00225,0.00175,18.930634490082397,factor_1011,71008,0.06375,0.01475,0.0325,1.4720848232595218
1.4103277693924074,0.5966046779036785,1.37200313535302,0.00175,0.00325,0.00175,12.344595548378296,factor_1100,71001,0.07725,0.0155,0.02275,0.03832463403938746
1.7707794486281205,0.07049001346980947,0.2544308522540821,0.00125,0.0005,0.00125,11.96754616212816,factor_1100,71002,0.07825,0.00225,0.00575,1.5163485963740384
1.9960703257538266,0.1276810035187526,0.2623210525343337,0.00325,0.00225,0.00125,11.756529090675484,factor_1100,71003,0.08525,0.00675,0.0055,1.7337492732194928
1.8022336417389475,0.0011500250841058985,0.9517714351568145,0.0015,0.00025,0.0,11.25726087012968,factor_1100,71004,0.10375,0.00075,0.0105,0.850462206582133
2.517228546822852,0.21727336801560196,1.3264935489444107,0.00325,0.00175,0.00475,11.489596980944398,factor_1100,71005,0.0965,0.006,0.02525,1.1907349978784414
1.9610450764006628,0.2042582764720033,0.743702965402149,0.002,0.00125,0.0015,11.012947436265193,factor_1100,71006,0.07975,0.00575,0.01225,1.2173421109985139
3.932764795356104,0.1924254982189973,0.9753484031820994,0.00225,0.00525,0.00125,16.564985041864986,factor_1100,71007,0.16075,0.0135,0.01325,2.9574163921740046
2.004979414951008,0.2201118206997746,1.2618869499585537,0.00175,0.00425,0.00025,13.941007123052207,factor_1100,71008,0.125,0.0165,0.01675,0.7430924649924542
1.9363875521831682,0.23100132473066376,0.05167270759866735,0.0015,0.005,0.0005,12.643543976167784,factor_1101,71001,0.09625,0.017,0.00275,1.8847148445845008
1.2643169671163488,0.03733019046137298,0.5319636794184615,0.0015,0.0,0.0,12.377259213232382,factor_1101,71002,0.098,0.00075,0.008,0.7323532876978873
2.2824683576201963,0.23761573992608806,0.29313022763112223,0.0015,0.00225,0.001,13.5979857414469,factor_1101,71003,0.08725,0.01175,0.01025,1.989338129989074
2.5889326088342526,0.0101840175805524,0.574240122098721,0.0,0.0,0.0,11.983171868873034,factor_1101,71004,0.1,0.00075,0.00875,2.0146924867355316
2.639633090865735,0.08766009588331598,0.8090563781544895,0.00075,0.00125,0.002,12.864152541695432,factor_1101,71005,0.089,0.004,0.01675,1.8305767127112453
2.582196757212497,-0.034921635803850236,1.0703434373467555,0.0025,0.0005,0.00225,14.88792668034975,factor_1101,71006,0.14975,0.00125,0.022,1.5118533198657413
1.931691078197974,0.11405430241357067,0.2432152173550989,0.00325,0.008,0.00075,8.261448475575563,factor_1101,71007,0.1105,0.02475,0.0105,1.688475860842875
1.5483668803725645,0.03657629957298413,0.388974657179254,0.0015,0.00025,0.00125,14.271326120953974,factor_1101,71008,0.10825,0.00075,0.01025,1.1593922231933105
3.670426514692482,0.14580695554037118,1.7938967041505058,0.002,0.0,0.0035,15.998265702512267,factor_1110,71001,0.11925,0.00325,0.03375,1.876529810541976
2.4810890721397785,0.0901099403617351,0.6798613110369534,0.0015,0.001,0.00175,18.400406020918346,factor_1110,71002,0.0845,0.00475,0.01625,1.8012277611028251
1.8682733659524224,0.0032566141748980185,0.7169497617078143,0.00175,0.00125,0.003,15.163164061644121,factor_1110,71003,0.07625,0.0035,0.02675,1.1513236042446082
2.3220833335116486,0.29797289116835823,0.9574357823221464,0.00175,0.00075,0.00125,14.363712070258368,factor_1110,71004,0.09925,0.00525,0.0175,1.3646475511895022
2.1264147360621153,0.01975183990031387,0.4514521745877042,0.00125,0.00025,0.001,13.56054800389742,factor_1110,71005,0.09375,0.00125,0.01,1.674962561474411
3.1798248498791533,0.18167490645412257,0.7274502434712166,0.00375,0.003,0.00225,15.87881303049664,factor_1110,71006,0.11825,0.0135,0.01925,2.4523746064079366
3.012507787326487,0.11871421203260965,0.5974005456268683,0.00375,0.00025,0.006,15.304453955897534,factor_1110,71007,0.09375,0.003,0.021,2.4151072416996184
2.121664157984287,0.38073710683117146,0.898959090607491,0.00175,0.00425,0.0,11.763986426562608,factor_1110,71008,0.10375,0.01475,0.01425,1.222705067376796
2.7873914750424267,0.5880719988595285,0.3153128848824102,0.001,0.0105,0.00275,14.759944067749476,factor_1111,71001,0.10775,0.04475,0.0125,2.4720785901600166
1.3561955785170154,0.3261237475720647,0.2813788346596142,0.00175,0.0095,0.0025,13.617347972964938,factor_1111,71002,0.1095,0.0265,0.016,1.0748167438574012
1.7078555426141913,1.8540871572136226,0.42633092164210884,0.001,0.0095,0.001,17.65245878903463,factor_1111,71003,0.08525,0.06675,0.01925,1.2815246209720823
0.8585495040301255,-0.06001840149678897,0.04403208514649067,0.00325,0.00875,0.00225,10.953692954060811,factor_1111,71004,0.09825,0.0135,0.009,0.8145174188836348
3.762722543274046,0.07177342393307896,0.21345628113748555,0.00225,0.01675,0.0045,16.988241352899376,factor_1111,71005,0.1255,0.04425,0.03275,3.5492662621365603
2.4936847286409645,-0.019349323589221454,0.6852055347255814,0.00125,0.001,0.0015,13.611892440286558,factor_1111,71006,0.1075,0.00325,0.019,1.808479193915383
2.705505807581706,0.26893466339876293,0.4044293570377235,0.00175,0.00525,0.003,16.555710983031325,factor_1111,71007,0.09175,0.0225,0.018,2.3010764505439827
1.534826977386173,0.9160288828873722,0.38973926423474414,0.00225,0.00175,0.0,11.955796937084191,factor_1111,71008,0.123,0.02925,0.01,1.1450877131514288
