A_above_curve_rate,A_all_drop_epoch_rate,A_mean_delay_ms,A_negative_load_rate,A_probe_drop_rate,B_above_curve_rate,B_all_drop_epoch_rate,B_mean_delay_ms,B_negative_load_rate,B_probe_drop_rate,H,T_A,T_B,alpha,buffer_ms,cal_harm_K2,cal_harm_S0,cal_harm_SC,cal_threshold_K2,cal_threshold_S0,cal_threshold_SC,capacity_mbps,count_K2,count_S0,count_SC,disagree_rate,epsilon_ms,gain_K2,gain_S0,gain_SC,h0,harm_K2,harm_S0,harm_SC,harm_ratio,headroom,k,k2_actual_risk_on_selected,k2_calibrated_risk_on_selected,k2_only_mean_ms,k2_only_rate,legacy_width_ms,n_cal,n_epochs,n_test,name,oos_gain_K2,oos_gain_S0,oos_gain_SC,oos_harm_K2,oos_harm_S0,oos_harm_SC,oos_headroom,oos_switch_K2,oos_switch_S0,oos_switch_SC,oos_width_hi,oos_width_lo,oos_width_ms,per_disagree_ms,rho_A,rho_B,sc_only_mean_ms,sc_only_rate,service_ms,sigma_A,strict_minus_legacy_ms,tau,width_in_service_units,width_ms,width_pct
0.0035739397461561086,0.0,37.835563153628414,0.0,0.033956992574257425,0.003453463149108772,0.0,40.07487341755328,0.0,0.03711045792079208,0.5,0.05,30.0,0.002,100.3968,0.002,0.002,0.002,401.57568695745647,87.57888842146674,44.446071012854574,10,0.02678125,0.00884375,0.013625,0.02015625,0.6048,1.1705899548252,0.35960019898097684,0.6366939393419192,90.03385557026732,0.002,0.002,0.002,0.34375,20.19015395283794,83,0.07467911318553092,0.06823249154312461,39.42914251561887,0.01665625,0.5338960154832807,8,4000,8,freshA_0.05,1.0542246960454125,0.5394910613382897,0.699826034595417,0.0017500000000000003,0.0027187500000000002,0.0023750000000000004,20.19015395283794,0.0244375,0.013000000000000001,0.015312500000000001,0.5386491975923338,0.17014812530765705,0.35439866144999543,26.487864334054237,0.95,0.95,35.09875415499892,0.0035,1.2096,0.16881943016134132,0.0,10.0,0.44138228793260637,0.5338960154832807,2.6443385064343996
0.004228329809725158,0.0,39.835111453940186,0.0,0.03693162128712872,0.0032980015880152676,0.0,39.83844136346399,0.0,0.03701268564356436,0.5,0.1,30.0,0.002,100.3968,0.002,0.002,0.002,479.28814061588395,84.85306594969697,46.20691802910412,10,0.04046875,0.0104375,0.0208125,0.03546875,0.6048,1.612608707786327,0.34167241263607273,1.0914727460586404,87.22671641924904,0.002,0.0019375,0.002,0.578125,19.588374427365327,83,0.04942084942084942,0.04551439206803114,32.7091461521767,0.0275625,0.5211359617276865,8,4000,8,freshA_0.1,1.6775009936538732,0.266919776604657,1.1840025675491546,0.00215625,0.00146875,0.0021562499999999997,19.588374427365324,0.04209375,0.00834375,0.0226875,1.0339453042654143,-0.04694845205597742,0.4934984261047185,14.69282006633125,0.95,0.95,48.11508352147743,0.00790625,1.2096,0.16881943016134132,0.0,10.0,0.4308333016928625,0.5211359617276865,2.660434961870291
0.004917060477930626,0.0,40.92789746361138,0.0,0.03897803217821781,0.004168500200891576,0.0,41.251036021146575,0.0,0.03860736386138615,0.5,0.2,30.0,0.002,100.3968,0.002,0.00196875,0.00196875,579.9154083096737,81.54945900197119,46.3829361785692,10,0.05525,0.01340625,0.025625,0.0484375,0.6048,2.413058982919097,0.5549903324172322,1.520720223145523,84.27898008534167,0.002,0.00196875,0.002,0.4375,19.12577019494693,83,0.03619909502262444,0.04590679786589483,36.182369040101285,0.03903125,0.8923387597735741,8,4000,8,freshA_0.2,1.792758233035098,0.3270980502607944,1.5235178296001055,0.00121875,0.0011875000000000002,0.00203125,19.12577019494693,0.04203125,0.0071874999999999994,0.025687500000000002,0.7617848397753821,-0.22330403290539724,0.26924040343499245,18.422477621131854,0.95,0.95,55.272221323362444,0.00940625,1.2096,0.16881943016134132,0.0,10.0,0.7377139217704812,0.8923387597735741,4.665635687755633
0.0038922370497919355,0.0,39.78931756403608,0.0,0.032068378712871284,0.005192638829100302,0.0,41.63765209644622,0.0,0.039410581683168314,0.5,0.5,30.0,0.002,100.3968,0.002,0.002,0.002,360.76896359027165,72.24559603928692,41.207482264169165,10,0.0221875,0.01171875,0.017875,0.0220625,0.6048,1.028046576543459,0.46948860035792545,0.9199367502553668,77.888267902163,0.002,0.002,0.002,0.796875,20.00612344495817,83,0.09014084507042254,0.08420661472514596,41.08781949182396,0.0131875,0.10810982628809218,8,4000,8,tauA_2,0.7447023068065213,0.450013528795835,0.7268676750230147,0.00115625,0.0019375,0.0013124999999999999,20.00612344495817,0.01578125,0.01103125,0.013437500000000002,0.23196611389219957,-0.1962968503251865,0.01783463178350654,4.900162098043839,0.95,0.95,48.87163867722104,0.008875,1.2096,0.16881943016134132,0.0,2.0,0.08937650982811854,0.10810982628809218,0.54038368095413
0.00399985650738987,0.0,41.2379435764697,0.0,0.039038056930693066,0.001984981106806333,0.0,42.437468908708794,0.0,0.04076918316831683,0.5,0.5,30.0,0.002,100.3968,0.002,0.002,0.002,530.6970323867918,45.09686435966925,43.78490232264875,10,0.04684375,0.01134375,0.0231875,0.04209375,0.6048,1.835828921559822,0.4305210825041473,1.236686758460495,54.89847318720499,0.002,0.002,0.00196875,0.390625,14.807879606600244,83,0.04269513008672448,0.03401106331201823,32.33723475006796,0.032875,0.599142163099327,8,4000,8,tauB_30,1.6994178262745288,0.40748538468644296,1.008512202991064,0.00175,0.001875,0.0011875,14.807879606600245,0.04340625,0.0105625,0.0174375,1.3126868755370782,0.06912437102985136,0.6909056232834647,14.233518351283195,0.95,0.95,50.32617538268827,0.00921875,1.2096,0.16881943016134132,0.0,10.0,0.49532255547232723,0.599142163099327,4.046103689499706
0.00399985650738987,0.0,41.2379435764697,0.0,0.039038056930693066,0.0006576744630984838,0.0,44.08967439007934,0.0,0.04293131188118811,0.5,0.5,30.0,0.002,100.3968,0.002,0.00196875,0.002,437.02884332343746,34.78168570945503,37.23843068580993,10,0.049375,0.01221875,0.0235625,0.039,0.6048,1.649603165849728,0.4434977736788222,0.9532648749219854,51.548537360908924,0.002,0.00190625,0.002,0.25,12.009048926533127,83,0.04050632911392405,0.025902747928167453,29.652141332288814,0.03240625,0.6963382909277427,8,4000,8,tauB_60,1.8399448632751705,0.8202202797744484,1.4352254831405271,0.0026562499999999998,0.0037812500000000003,0.0034375,12.009048926533127,0.05584375,0.0225,0.036625000000000005,0.8097716105238735,-0.0003328502545865142,0.4047193801346435,17.85482797250622,0.95,0.95,40.12533294737318,0.00659375,1.2096,0.16881943016134132,0.0,10.0,0.5756764971294169,0.6963382909277427,5.798446614612698
0.0,0.0,26.65181469641146,0.0,0.005721534653465338,0.005067082795236046,0.0,41.51793579175388,0.0,0.038806621287128695,0.5,0.5,30.0,0.002,100.3968,0.002,0.002,0.00196875,130.93426519549445,68.31325753568925,35.490361483335896,10,0.010625,0.006125,0.009625,0.0064375,0.6048,0.4064386443651633,0.15353534176199019,0.3786333935259711,73.13941532301573,0.002,0.0018125,0.002,0.9375,18.630692791835187,83,0.18823529411764706,0.230141355079954,36.267962318071184,0.00371875,0.02780525083919222,8,4000,8,quietA,0.383440123462097,0.1943169224850042,0.36117610678622214,0.001875,0.004,0.00190625,18.630692791835187,0.0099375,0.011125,0.009187500000000001,0.10755872468122257,-0.06303069132947298,0.022264016675874805,4.319262266282287,0.95,0.95,39.38068378156693,0.00271875,1.2096,0.056273143387113776,0.0,10.0,0.022987145204358645,0.02780525083919222,0.14924432037963578
0.00399985650738987,0.0,41.2379435764697,0.0,0.039038056930693066,0.0,0.0,26.45925743546386,0.0,0.005626237623762381,0.5,0.5,30.0,0.002,100.3968,0.002,0.002,0.002,892.068979163193,46.078008236405026,27.839237335382318,10,0.11946875,0.01675,0.04303125,0.1105,0.6048,3.1217093358372265,0.5144468810370657,1.9205369473335907,55.70765816670536,0.002,0.002,0.002,0.234375,12.102819481126843,83,0.01674077949254512,0.009850052037394618,21.160063928948794,0.09346875,1.2011723885036358,8,4000,8,quietB,2.9133034680543126,0.5583643734935209,1.6667197831814313,0.0015625,0.0022500000000000003,0.00146875,12.102819481126843,0.11159374999999999,0.018062500000000002,0.033437499999999995,1.9121560427581012,0.5810113269876622,1.2465836848728817,10.870338357498968,0.95,0.95,45.600430787834384,0.01703125,1.2096,0.16881943016134132,0.0,10.0,0.9930327285909688,1.2011723885036358,9.92473192198517
0.003796246708617843,0.0,40.80378177429289,0.0,0.03871936881188119,0.0036316776007497657,0.0,38.594816619678795,0.0,0.035010829207920785,0.5,0.5,30.0,0.002,100.3968,0.002,0.002,0.002,690.89984779219,65.88101379598594,50.898776014516045,10,0.04759375,0.01371875,0.0225625,0.04371875,0.6048,1.9326531957338018,0.601099353251286,1.2214679528391805,70.22760736747416,0.002,0.002,0.002,0.5,17.060717555951666,83,0.04202232435981615,0.03108507623735902,33.83841007819873,0.034375,0.7111852428946213,8,4000,8,stallB,1.7357753091156591,0.2569872301372104,1.1737001231163837,0.0016562500000000002,0.00109375,0.0018437500000000001,17.060717555951662,0.04290625,0.006125,0.021625,1.0561107030298438,0.06803966896870722,0.5620751859992755,16.26728218200706,0.95,0.95,48.375663255487325,0.00934375,1.2096,0.16881943016134132,0.0,10.0,0.5879507629750507,0.7111852428946213,4.168554110120198
0.003373978520264507,0.0,20.123435438217154,4.4711234213495e-05,0.016837871287128714,0.004187379050379242,0.0,21.22245327287304,0.00020922564728109838,0.017797648514851508,0.5,0.1,60.0,0.002,100.3968,0.002,0.002,0.002,394.47750548996,43.5952003831099,21.340313746205393,10,0.1099375,0.00725,0.01475,0.10975,0.6048,2.214204842589033,0.07586779155364169,0.29786936873652725,79.70298927937603,0.002,0.0018125,0.002,0.0,14.511885687138912,83,0.018192154633314382,0.020852235495096183,19.795902251591155,0.10246875,1.9163354738525056,8,4000,8,joint_small,2.150841519635831,0.4932065185973024,0.3449856454332698,0.0018124999999999999,0.007875,0.0021875,14.511885687138914,0.1060625,0.031343750000000004,0.0170625,2.577101163693179,1.0346105847119433,1.8058558742025612,17.4609154792939,0.8,0.8,15.399263174623519,0.00728125,1.2096,0.21908902300206645,0.0,10.0,1.584272051796053,1.9163354738525056,13.205282312489881
0.003373978520264507,0.0,67.44413491084791,4.4711234213495e-05,0.012903155940594074,0.004187379050379242,0.0,71.46154795201791,0.00020922564728109838,0.013535272277227714,0.5,0.1,60.0,0.002,401.5872,0.002,0.00196875,0.002,1732.8671915888215,362.3870507171892,86.1747010746188,10,0.10934375,0.00596875,0.0146875,0.10965625,0.6048,8.476887282613538,0.2503051038125371,1.1105428173517151,380.9566662977956,0.002,0.001625,0.002,0.0,55.23221515699172,332,0.018290940268648186,0.020703337778760704,74.97130285528145,0.10215625,7.366344465261823,8,4000,8,joint_medium,8.158645612704959,0.6922883463865088,1.2189034114642696,0.0017187499999999998,0.0049375,0.0022812500000000003,55.23221515699173,0.10409375000000001,0.01934375,0.0164375,10.32646408895226,3.553020313529118,6.939742201240689,67.17669503801035,0.8,0.8,38.992358939735155,0.0075,1.2096,0.21908902300206645,0.0,10.0,6.089901178291851,7.366344465261823,13.337043325754307
0.003373978520264507,0.0,121.72507209074837,4.4711234213495e-05,0.010039913366336625,0.004187379050379242,0.0,127.93350581692305,0.00020922564728109838,0.010487933168316838,0.5,0.1,60.0,0.002,803.1744,0.0019375,0.002,0.002,3801.7891452483286,767.3496866420784,172.7734507259111,10,0.10803125,0.0023125,0.0145625,0.10796875,0.6048,15.331343573261424,0.38311758431243775,2.1265483377034293,783.0619442493883,0.002,0.00084375,0.002,0.0,102.2603301272417,664,0.01851316170089673,0.020346844035122203,135.1486626265239,0.10071875,13.204795235557995,8,4000,8,joint_large,14.039438779068199,0.9767087095199213,2.2127496407626093,0.0014375,0.00484375,0.00203125,102.26033012724173,0.09728125,0.01865625,0.015093750000000001,18.364147812787813,5.2892304638233645,11.82668913830559,122.30201086479185,0.8,0.8,56.166776325128446,0.00725,1.2096,0.21908902300206645,0.0,10.0,10.91666272780919,13.204795235557995,12.912920600908851
0.00442927829189328,0.0,133.04867819338074,0.0,0.013275680693069294,0.004187952271330698,0.0,159.23615043709634,0.0003450790127759486,0.016138304455445535,0.5,0.1,60.0,0.002,803.1744,0.002,0.00021875,0.00196875,3524.6270547632816,775.6846928831578,340.55223212195375,10,0.089125,0.00840625,0.007875,0.0903125,0.6048,14.334524693164026,0.7295945701500157,1.643518571625185,772.8901416433637,0.002,0.002,0.00196875,0.015625,101.10988998186454,664,0.02244039270687237,0.01575078522516563,159.26894084967054,0.08578125,12.691006121538841,8,4000,8,joint_large_tau30,16.308389797971643,0.43027119965261096,1.6427318867360574,0.00253125,0.00015625,0.0023125,101.10988998186454,0.10134375000000001,0.00153125,0.0085625,23.820180721879424,5.511135100591742,14.665657911235584,140.52325117274842,0.8,0.8,214.35204650415602,0.00453125,1.2096,0.21908902300206645,0.0,30.0,10.491903208944148,12.691006121538841,12.551696103927272
