A_above_curve_rate,A_all_drop_epoch_rate,A_mean_delay_ms,A_negative_load_rate,A_probe_drop_rate,B_above_curve_rate,B_all_drop_epoch_rate,B_mean_delay_ms,B_negative_load_rate,B_probe_drop_rate,H,T_A,T_B,alpha,buffer_ms,cal_harm_K2,cal_harm_S0,cal_harm_SC,cal_threshold_K2,cal_threshold_S0,cal_threshold_SC,capacity_mbps,count_K2,count_S0,count_SC,disagree_rate,epsilon_ms,gain_K2,gain_S0,gain_SC,h0,harm_K2,harm_S0,harm_SC,harm_ratio,headroom,k,k2_actual_risk_on_selected,k2_calibrated_risk_on_selected,k2_only_mean_ms,k2_only_rate,legacy_width_ms,n_cal,n_epochs,n_test,name,oos_gain_K2,oos_gain_S0,oos_gain_SC,oos_harm_K2,oos_harm_S0,oos_harm_SC,oos_headroom,oos_switch_K2,oos_switch_S0,oos_switch_SC,oos_width_hi,oos_width_lo,oos_width_ms,per_disagree_ms,rho_A,rho_B,sc_only_mean_ms,sc_only_rate,service_ms,sigma_A,strict_minus_legacy_ms,tau,width_hi,width_in_service_units,width_lo,width_ms,width_pct
0.004235423542354236,0.0,38.56903317006349,0.0,0.03424455445544553,0.002810063615057158,0.0,41.20056287800391,0.0,0.037267574257425745,0.5,0.5,30.0,0.002,100.3968,0.002,0.00195,0.002,532.9759704034853,60.15318070113568,46.8322421570384,10,0.052875,0.0110125,0.0238875,0.0469875,0.6048,2.228168184562278,0.44556824295919994,1.2602124995938058,64.49642374410243,0.002,0.002,0.002,0.30625,17.96622149269352,83,0.037825059101654845,0.03129791529175729,37.48926146101156,0.0379875,0.9679556849684723,20,4000,20,base_m069,2.3981434407331395,0.4156839045811555,1.6503005243226887,0.002375,0.0019250000000000003,0.003075,17.96622149269352,0.05675,0.0103,0.0316125,1.0178352973722773,0.47785053544862416,0.7478429164104508,20.600280605873312,0.95,0.95,50.6852927535225,0.009,1.2096,0.16881943016134132,0.0,10.0,1.3095044518631445,0.8002279141604434,0.7410090821535859,0.9679556849684723,5.38764194442398
0.0030256894701604104,0.0,19.471265559894597,5.961497895132666e-05,0.015712995049504942,0.0024903011015013805,0.0,19.541395759200867,0.00011303917162693864,0.01526423267326732,0.5,0.1,60.0,0.002,100.3968,0.002,0.002,0.002,461.0106048102306,60.272826197052964,23.691726176514745,10,0.1162875,0.0142125,0.019225,0.1168875,0.6048,2.3040255246489116,0.46612894426310686,0.6528723343858569,70.95541954285872,0.002,0.002,0.002,0.025,13.586039551022122,83,0.017198753090400944,0.01929128576612013,17.7115248168651,0.106975,1.6511531902630547,20,4000,20,joint_small,2.093334203424717,0.0984827959274653,0.4205317556336027,0.0014000000000000002,0.00027500000000000007,0.0011625000000000001,13.58603955102212,0.1055,0.0035875000000000004,0.010325,2.0310791372468513,1.3145257583353775,1.6728024477911145,14.126003124911172,0.8,0.8,24.568693772619252,0.0099125,1.2096,0.21908902300206645,0.0,10.0,2.0544204769178362,1.3650406665534514,1.3473398328906294,1.6511531902630547,12.153307695463269
0.0030256894701604104,0.0,65.06705126372766,5.961497895132666e-05,0.011772400990099009,0.0024903011015013805,0.0,65.01410628762001,0.00011303917162693864,0.011062747524752458,0.5,0.1,60.0,0.002,401.5872,0.002,0.002,0.0019875,1974.889771226297,349.34527471704564,112.36521907572724,10,0.114325,0.011375,0.0165,0.114875,0.6048,8.161877263521669,1.309368069029716,2.0870302776108858,373.53717763591055,0.002,0.0015375,0.0019875,0.03125,51.41184113948425,332,0.017493986442160506,0.018805364809392506,63.78892392021721,0.10635,6.074846985910783,20,4000,20,joint_medium,7.518461555602725,0.3976681449040524,1.1328819099228233,0.0015375000000000002,0.000625,0.0009875,51.41184113948425,0.10587500000000001,0.00395,0.0066375,7.806992841009789,4.964166450350016,6.385579645679902,52.8822370917152,0.8,0.8,83.17948070431888,0.008525,1.2096,0.21908902300206645,0.0,10.0,7.870442319977928,5.022194928828359,4.810160472292817,6.074846985910783,11.816046364551037
0.0030256894701604104,0.0,117.54441037132706,5.961497895132666e-05,0.008945049504950486,0.0024903011015013805,0.0,116.55213111269045,0.00011303917162693864,0.008211509900990094,0.5,0.1,60.0,0.002,803.1744,0.002,0.001975,0.0019875,4185.881738950995,751.4351907900027,238.2751442237707,10,0.1131125,0.01165,0.0144375,0.1137,0.6048,14.70034903608486,2.770719283968728,3.488323355557384,775.1242956218467,0.002,0.00175,0.002,0.025,94.603323665388,664,0.01768151176925627,0.01854321504913219,116.0684007223266,0.1061875,11.212025680527477,20,4000,20,joint_large,13.225696419663006,0.8851359147956748,1.8925442181110963,0.001525,0.0006000000000000001,0.0009250000000000001,94.603323665388,0.1025125,0.0039,0.005950000000000001,14.118617049451004,8.547687353652819,11.333152201551911,98.6106040503736,0.8,0.8,148.15143043921222,0.0075125,1.2096,0.21908902300206645,0.0,10.0,14.568244937490892,9.2692011247747,8.291212983030379,11.212025680527477,11.85161920968487
0.0032751064244527866,0.0,132.10970364542163,3.851401910295347e-05,0.01316155115511552,0.002854596215879723,0.0,127.69597268937166,2.4994812397426954e-05,0.01189422442244224,0.5,0.1,60.0,0.002,803.1744,0.002,0.002,0.0019916666666666668,3295.402927715573,729.1693024737833,267.90770189302543,10,0.12081666666666667,0.011241666666666667,0.016591666666666668,0.117575,0.6048,18.32404265248843,1.5958568068932906,5.727133325143287,770.5968532994141,0.002,0.0019333333333333333,0.0019916666666666668,0.016666666666666666,90.18117946657345,664,0.01655400744930335,0.015899788059935745,130.94332490735331,0.1109,12.596909327345143,20,6000,20,joint_large_tau30,19.30496043223702,1.5232705683401735,5.893845827772584,0.002258333333333333,0.0017416666666666668,0.0020666666666666667,90.18117946657347,0.12741666666666668,0.010333333333333333,0.017300000000000003,17.323388269386648,9.498840939542234,13.41111460446444,107.13935213561679,0.8,0.8,288.34537900830514,0.006675,1.2096,0.21908902300206645,0.0,30.0,16.28135180987353,10.414111547077665,9.776296006420239,12.596909327345143,13.968445968279125
0.0030256894701604104,0.0,117.54441037132706,5.961497895132666e-05,0.008945049504950486,0.0024903011015013805,0.0,116.55213111269045,0.00011303917162693864,0.008211509900990094,0.5,0.1,60.0,0.002,803.1744,0.002,0.001975,0.002,3887.5308236992655,751.4351907900027,259.11366288821984,10,0.1118125,0.01165,0.0120875,0.112725,0.6048,14.508778196132468,2.770719283968728,3.098921466379059,775.1242956218467,0.002,0.00175,0.002,0.01875,94.603323665388,664,0.017887087758524316,0.018339893265376522,116.65980816886442,0.106225,11.40985672975341,20,4000,20,joint_large_gh256,12.519434479495152,0.8851359147956748,1.6009174392152332,0.0014000000000000002,0.0006000000000000001,0.0008125000000000001,94.603323665388,0.0974375,0.0039,0.004787500000000001,13.495587988735025,8.341446091824814,10.91851704027992,101.2185116855481,0.8,0.8,151.1279066129517,0.0065,1.2096,0.21908902300206645,0.0,10.0,14.78798679906881,9.432751926052752,8.851647822869385,11.40985672975341,12.060735593296995
0.004235423542354236,0.0,281.57536672935834,0.0,0.023691831683168334,0.002810063615057158,0.0,310.5655793518314,0.0,0.026396905940594066,0.5,0.5,30.0,0.002,803.1744,0.001975,0.002,0.002,4984.075772610486,767.6401929723446,454.40284229909065,10,0.049425,0.0080125,0.0170875,0.0458375,0.6048,15.322261785207482,1.8438679496795087,7.237862648389885,773.5320431357759,0.002,0.002,0.002,0.16875,138.79289545829243,664,0.04046535154274153,0.027198533714940933,274.3968576236861,0.0390875,8.084399136817598,20,4000,20,buffer_664,16.982276204358765,1.8180942068116976,9.430036790311277,0.002425,0.0019875000000000006,0.0033750000000000004,138.79289545829243,0.05443749999999999,0.007950000000000002,0.0241125,9.113390505867619,5.991088322227359,7.552239414047489,176.37085654360726,0.95,0.95,391.27230156269485,0.00675,1.2096,0.16881943016134132,0.0,10.0,9.937251374435213,6.683531032421956,6.375897583545249,8.084399136817598,5.824793200057548
0.004235423542354236,0.0,38.56903317006349,0.0,0.03424455445544553,0.0,0.0,26.136390777169844,0.0,0.005252846534653461,0.5,0.5,30.0,0.002,100.3968,0.002,0.002,0.002,942.2856259609431,39.654519047215274,27.230224412749397,10,0.1405375,0.014725,0.0320625,0.135175,0.6048,3.6309888309463823,0.323369766173167,1.5380783344078297,52.70732609465847,0.002,0.002,0.002,0.13125,12.464184531292668,83,0.014231077114649115,0.009374731657811849,22.074168642884015,0.121825,2.0929104965385523,20,4000,20,quietB,3.296815704796915,0.5544194577149328,1.5324449691075992,0.0017125,0.00305,0.0020000000000000005,12.464184531292668,0.12777500000000003,0.0231875,0.031925,2.1614980021547923,1.3672434692238395,1.764370735689316,15.482970198176826,0.95,0.95,44.66480137683687,0.01335,1.2096,0.16881943016134132,0.0,10.0,2.4567038493912436,1.730250079810311,1.64238999288231,2.0929104965385523,16.791395307764233
0.004235423542354236,0.0,373.6606974685534,0.0,0.025176237623762376,0.0037056966566221842,0.0,386.0338509940685,0.0,0.02796930693069306,0.5,0.5,30.0,0.002,1003.968,0.002,0.002,0.0019875,3450.9426242639033,876.917339629632,428.1554622351014,1.0,0.02295,0.0099875,0.01425,0.019225,6.048,9.383959534943918,3.733935251954502,6.775421415711736,898.471427501393,0.0019875,0.002,0.002,0.6125,182.79545910780197,83,0.08660130718954248,0.07813197222805807,341.1749802224416,0.0139625,2.6085381192321817,20,4000,20,capacity_1_fixedK,9.36510936539443,4.096942340580922,6.263266299145092,0.0019875000000000006,0.0021750000000000003,0.0016875000000000002,182.79545910780197,0.022887499999999998,0.010925,0.0128125,4.195792483299423,2.0078936491992545,3.1018430662493386,135.68468760635537,0.95,0.95,409.5235234439248,0.0052625,12.096,0.16881943016134132,0.0,10.0,3.866105186552341,0.215652952978851,1.5452401437629775,2.6085381192321817,1.4270256668103665
0.004235423542354236,0.0,617.1045307210159,0.0,0.03424455445544553,0.002810063615057158,0.0,659.2090060480625,0.0,0.037267574257425745,8.0,8.0,480.0,0.002,1606.3488,0.002,0.00195,0.002,8527.615526455766,962.4508912181709,749.3158745126144,0.625,0.052875,0.0110125,0.0238875,0.0469875,9.6768,35.65069095299645,7.129091887347199,20.163399993500892,1031.9427799056389,0.002,0.002,0.002,0.30625,287.45954388309633,83,0.037825059101654845,0.03129791529175729,599.8281833761849,0.0379875,15.487290959495557,20,4000,20,similarity_16,38.37029505173023,6.650942473298488,26.40480838916302,0.002375,0.0019250000000000003,0.003075,287.45954388309633,0.05675,0.0103,0.0316125,16.285364757956437,7.6456085671779865,11.965486662567212,329.604489693973,0.95,0.95,810.96468405636,0.009,19.3536,0.16881943016134132,0.0,160.0,20.95207122981031,0.8002279141604434,11.856145314457374,15.487290959495557,5.38764194442398
0.004235423542354236,0.0,617.1045307210159,0.0,0.03424455445544553,0.002810063615057158,0.0,659.2090060480625,0.0,0.037267574257425745,8.0,8.0,480.0,0.002,1606.3488,0.002,0.002,0.002,7586.506736441359,968.2281684898279,777.9788617614237,0.625,0.0357125,0.0105,0.0189125,0.0281,0.6048,25.495287693620313,7.1633909366266195,16.236253724971856,1053.2159424918555,0.002,0.0019875,0.002,0.51875,288.8317414321338,83,0.056002800140007,0.04823999170800055,626.7051756416258,0.02245,9.259033968648456,20,4000,20,similarity_16_fixed_eps,26.434318257341697,8.121252859408187,22.35568228632396,0.0021875000000000006,0.0023250000000000007,0.0031125,288.8317414321338,0.03724999999999999,0.012075,0.026625,7.360324361326685,0.7969475807087969,4.078635971017741,329.5029882081301,0.95,0.95,851.4154379656709,0.00565,19.3536,0.16881943016134132,0.0,160.0,12.473063135859098,0.4784140402120771,5.779815856449689,9.259033968648456,3.2056843623691655
