stage,arrangement,alpha,cooldown_s,delay_sc_ms,delay_k2_ms,delta_ms,lo95_ms,hi95_ms,harm_sc,harm_k2,tc1_pass,switches_sc_per_1000,switches_k2_per_1000,threshold_sc,threshold_k2,grid_edge_sc,grid_edge_k2,calibration_harm_sc,calibration_harm_k2,headroom_rollout_ms,share_of_headroom,abs_margin_lo95_ms,abs_margin_hi95_ms,rel_margin_lo95_ms,rel_margin_hi95_ms,tc3_pass
fresh,FIX,0.002,0,5.6747343673962325,4.168361053327265,1.5063733140689668,1.2289580150122017,1.783788613125732,0.0018416666666666668,0.0021333333333333334,False,7.675,14.275000000000002,16.0,58.170913293743574,,,0.0018,0.00195,3.0957684763558304,0.4865910760362116,-6.871041984987798,-6.316211386874267,0.939889457472435,1.4537034753943328,False
fresh,FIX,0.01,0,3.922490523599131,3.804724824097442,0.117765699501689,0.019534572232936406,0.21599682677044157,0.010191666666666667,0.009783333333333333,True,28.616666666666667,32.625,4.0,10.0,,,0.009699999999999999,0.009125000000000001,1.3435246325587273,0.08765429129304876,-8.080465427767063,-7.884003173229558,-0.10810211921966009,0.0749285917112926,False
fresh,FIX,0.002,30,5.519300968051304,4.838701195621516,0.6805997724297862,0.4111836127791876,0.9500159320803848,0.001775,0.0007166666666666667,True,9.116666666666665,8.825,7.5,131.11339374215643,,,0.001641666666666667,0.0006500000000000001,2.9403350770109,0.23147014017248455,-7.688816387220811,-7.149984067919615,0.10547821019778847,0.6676543192596042,False
fresh,FIX,0.01,30,5.519300968051304,4.838701195621516,0.6805997724297862,0.4111836127791876,0.9500159320803848,0.001775,0.0007166666666666667,True,9.116666666666665,8.825,7.5,131.11339374215643,,,0.001641666666666667,0.0006500000000000001,2.9403350770109,0.23147014017248455,-7.688816387220811,-7.149984067919615,0.10547821019778847,0.6676543192596042,False
info,FIX,0.002,0,5.770492610324102,4.024139402930208,1.7463532073938928,1.4270656806388975,2.065640734148888,0.0022,0.0019916666666666668,True,8.425,13.85,15.0,58.170913293743574,,,0.0018416666666666668,0.0017666666666666668,3.289488411670429,0.5308889981792276,-6.672934319361103,-6.034359265851112,1.1325690929569876,1.7022396394967134,False
info,SYM,0.002,0,2.7848947137066187,2.631745645340725,0.15314906836589387,0.13897647436792948,0.16732166236385826,0.002425,0.0015166666666666666,True,12.366666666666669,46.88333333333333,8.5,100.0,,,0.002,0.0013333333333333335,0.3038905150529458,0.503961330741801,-7.961023525632071,-7.932678337636143,0.10998064678344939,0.1355393869377491,False
info,FF,0.002,0,3.2891324392672203,3.482564322781478,-0.19343188351425786,-0.29142637334760274,-0.09543739368091299,0.0020666666666666667,0.002108333333333333,False,8.108333333333333,8.208333333333332,67.0,762.6985859023443,,,0.002,0.0018583333333333334,0.808128240613547,-0.23935790607614518,-8.391426373347603,-8.195437393680912,-0.37520316648889873,-0.17328624866232648,False
info,FIX,0.01,0,3.623576389522313,3.637068095383269,-0.013491705860956027,-0.04937485854775007,0.02239144682583801,0.010375,0.011091666666666666,False,30.050000000000004,35.68333333333333,3.5,7.626985859023444,,,0.009425,0.009858333333333334,1.14257219086864,-0.011808186798856852,-8.14937485854775,-8.07760855317416,-0.1690853714849938,-0.08641247841064627,False
info,SYM,0.01,0,2.664591601014026,2.631745645340725,0.03284595567330105,0.014679589757692308,0.051012321588909795,0.007808333333333332,0.0015166666666666666,True,88.10833333333332,46.88333333333333,0.0,100.0,,,0.007241666666666665,0.0013333333333333335,0.18358740236035298,0.17891181666610023,-8.085320410242305,-8.04898767841109,-0.0016596883353711869,0.0306341192099027,False
info,FF,0.01,0,3.2152857077739787,3.224817829883532,-0.009532122109553242,-0.05390894959457544,0.03484470537546895,0.004966666666666667,0.0056500000000000005,False,14.883333333333335,16.9,31.0,196.84194472866113,,,0.004458333333333333,0.004883333333333332,0.7342815091203059,-0.012981563598098838,-8.153908949594575,-8.06515529462453,-0.13028839166104145,-0.03563215438212623,False
info,FIX,0.002,30,5.372265497972952,4.7311419900447556,0.6411235079281965,0.21759340368370889,1.0646536121726842,0.002016666666666667,0.0005166666666666666,True,9.416666666666668,7.7,6.5,338.38551534282334,,,0.0017333333333333333,0.0003333333333333333,2.8912612993192788,0.22174526670389258,-7.882406596316289,-7.035346387827315,-0.060628527937793886,0.7646232839303309,False
info,SYM,0.002,30,3.586425434576501,3.4316734716488617,0.15475196292763815,-0.04845887428625051,0.3579628001415268,0.0003083333333333333,3.3333333333333335e-05,False,4.716666666666667,13.016666666666666,37.0,5817.091329374358,,,0.00020833333333333332,8.333333333333334e-06,1.1054212359228273,0.13999365843415174,-8.148458874286248,-7.742037199858472,-0.15532690774114202,0.2437465864118529,False
info,FF,0.002,30,4.143460478941419,4.294285755725778,-0.15082527678435975,-0.3079156968224277,0.006265143253708222,0.0004416666666666666,0.0005083333333333334,False,3.8416666666666672,4.583333333333333,64.0,508.0218046913023,,,0.00035,0.000375,1.662456280287745,-0.09072435682835177,-8.407915696822426,-8.09373485674629,-0.49210577815145307,-0.14203603147481547,False
info,FIX,0.01,30,5.372265497972952,4.7311419900447556,0.6411235079281965,0.21759340368370889,1.0646536121726842,0.002016666666666667,0.0005166666666666666,True,9.416666666666668,7.7,6.5,338.38551534282334,,,0.0017333333333333333,0.0003333333333333333,2.8912612993192788,0.22174526670389258,-7.882406596316289,-7.035346387827315,-0.060628527937793886,0.7646232839303309,False
info,SYM,0.01,30,3.586425434576501,3.4316734716488617,0.15475196292763815,-0.04845887428625051,0.3579628001415268,0.0003083333333333333,3.3333333333333335e-05,False,4.716666666666667,13.016666666666666,37.0,5817.091329374358,,,0.00020833333333333332,8.333333333333334e-06,1.1054212359228273,0.13999365843415174,-8.148458874286248,-7.742037199858472,-0.15532690774114202,0.2437465864118529,False
info,FF,0.01,30,4.143460478941419,4.294285755725778,-0.15082527678435975,-0.3079156968224277,0.006265143253708222,0.0004416666666666666,0.0005083333333333334,False,3.8416666666666672,4.583333333333333,64.0,508.0218046913023,,,0.00035,0.000375,1.662456280287745,-0.09072435682835177,-8.407915696822426,-8.09373485674629,-0.49210577815145307,-0.14203603147481547,False
