alpha,cooldown_s,contrast,mean_ms,lo95_ms,hi95_ms,role
0.002,0,FIX_minus_SYM,1.5932041390279992,1.2733042852739276,1.9131039927820708,planned_difference_in_differences
0.002,0,FIX_minus_FF,1.9397850909081513,1.5824599230432863,2.2971102587730163,planned_difference_in_differences
0.01,0,FIX_minus_SYM,-0.04633766153425708,-0.08652260027403672,-0.006152722794477435,planned_difference_in_differences
0.01,0,FIX_minus_FF,-0.003959583751402785,-0.057488110687682295,0.04956894318487673,planned_difference_in_differences
0.002,30,FIX_minus_SYM,0.4863715450005583,0.06505696183666748,0.907686128164449,planned_difference_in_differences
0.002,30,FIX_minus_FF,0.7919487847125561,0.35032960056694107,1.2335679688581713,planned_difference_in_differences
0.01,30,FIX_minus_SYM,0.4863715450005583,0.06505696183666748,0.907686128164449,planned_difference_in_differences
0.01,30,FIX_minus_FF,0.7919487847125561,0.35032960056694107,1.2335679688581713,planned_difference_in_differences
0.002,0,SC_FIX_minus_SC_SYM,2.985597896617483,2.4957053418518744,3.475490451383092,posthoc_information_vs_policy
0.002,0,K2_FIX_minus_SC_SYM,1.23924468922359,0.9099360234287097,1.5685533550184703,posthoc_information_vs_policy
